-- phpMyAdmin SQL Dump
-- version 3.3.8.1
-- http://www.phpmyadmin.net
--
-- 主机: w.rdc.sae.sina.com.cn:3307
-- 生成日期: 2014 年 08 月 14 日 23:43
-- 服务器版本: 5.5.23
-- PHP 版本: 5.3.3

SET SQL_MODE="NO_AUTO_VALUE_ON_ZERO";


/*!40101 SET @OLD_CHARACTER_SET_CLIENT=@@CHARACTER_SET_CLIENT */;
/*!40101 SET @OLD_CHARACTER_SET_RESULTS=@@CHARACTER_SET_RESULTS */;
/*!40101 SET @OLD_COLLATION_CONNECTION=@@COLLATION_CONNECTION */;
/*!40101 SET NAMES utf8 */;

--
-- 数据库: `app_jmsalaam`
--

-- --------------------------------------------------------

--
-- 表的结构 `dy_access`
--

CREATE TABLE IF NOT EXISTS `dy_access` (
  `role_id` smallint(6) unsigned NOT NULL COMMENT '角色id',
  `node_id` smallint(6) unsigned NOT NULL COMMENT '节点id',
  `level` tinyint(1) NOT NULL,
  `module` varchar(50) DEFAULT NULL,
  KEY `groupId` (`role_id`),
  KEY `nodeId` (`node_id`)
) ENGINE=MyISAM DEFAULT CHARSET=utf8;

--
-- 转存表中的数据 `dy_access`
--

INSERT INTO `dy_access` (`role_id`, `node_id`, `level`, `module`) VALUES
(1, 1, 1, NULL),
(1, 2, 2, NULL),
(1, 3, 3, NULL),
(1, 4, 2, NULL),
(1, 5, 2, NULL),
(1, 6, 2, NULL),
(1, 7, 2, NULL),
(1, 8, 2, NULL),
(1, 9, 2, NULL),
(1, 10, 3, NULL),
(1, 11, 3, NULL),
(1, 12, 3, NULL),
(1, 13, 3, NULL),
(1, 14, 3, NULL),
(1, 15, 3, NULL),
(1, 16, 3, NULL),
(1, 17, 3, NULL),
(1, 18, 3, NULL),
(1, 19, 3, NULL),
(1, 20, 3, NULL),
(1, 21, 3, NULL),
(1, 22, 3, NULL),
(1, 23, 3, NULL),
(1, 24, 3, NULL),
(1, 25, 3, NULL),
(1, 26, 3, NULL),
(1, 27, 3, NULL),
(1, 28, 3, NULL),
(1, 29, 3, NULL),
(1, 30, 3, NULL),
(1, 31, 3, NULL),
(1, 32, 3, NULL),
(1, 33, 3, NULL),
(1, 34, 3, NULL),
(1, 35, 3, NULL),
(1, 36, 3, NULL),
(1, 37, 3, NULL),
(1, 38, 3, NULL),
(1, 39, 3, NULL),
(1, 40, 3, NULL),
(1, 41, 3, NULL),
(1, 42, 3, NULL),
(1, 43, 3, NULL),
(1, 44, 3, NULL),
(1, 45, 3, NULL),
(1, 46, 3, NULL),
(1, 47, 3, NULL),
(1, 48, 3, NULL),
(1, 49, 3, NULL),
(1, 50, 3, NULL),
(1, 51, 3, NULL),
(1, 52, 3, NULL),
(1, 53, 3, NULL),
(1, 54, 3, NULL),
(1, 55, 3, NULL),
(1, 56, 3, NULL),
(1, 57, 3, NULL),
(1, 58, 2, NULL),
(1, 59, 2, NULL),
(1, 60, 3, NULL),
(1, 61, 3, NULL),
(1, 62, 3, NULL),
(1, 63, 3, NULL),
(1, 64, 2, NULL),
(1, 65, 2, NULL),
(1, 66, 3, NULL),
(1, 67, 3, NULL),
(1, 68, 3, NULL),
(1, 69, 3, NULL),
(1, 70, 3, NULL),
(1, 71, 3, NULL),
(1, 72, 3, NULL),
(1, 73, 3, NULL),
(1, 74, 3, NULL),
(1, 75, 3, NULL),
(1, 76, 3, NULL),
(1, 77, 3, NULL),
(1, 78, 3, NULL),
(1, 79, 3, NULL),
(1, 80, 3, NULL),
(1, 81, 3, NULL),
(1, 82, 2, NULL),
(1, 83, 2, NULL),
(1, 84, 2, NULL),
(1, 85, 3, NULL),
(1, 86, 3, NULL),
(1, 87, 3, NULL),
(1, 88, 3, NULL),
(1, 89, 3, NULL),
(1, 90, 3, NULL),
(1, 91, 3, NULL),
(1, 92, 3, NULL),
(1, 93, 3, NULL),
(1, 94, 3, NULL),
(1, 95, 3, NULL),
(1, 96, 3, NULL),
(1, 97, 3, NULL),
(1, 98, 3, NULL),
(1, 99, 3, NULL),
(1, 100, 3, NULL),
(1, 101, 3, NULL),
(1, 102, 3, NULL),
(1, 103, 3, NULL),
(1, 104, 3, NULL),
(1, 105, 3, NULL),
(1, 106, 3, NULL),
(1, 107, 3, NULL),
(1, 108, 3, NULL),
(1, 1, 1, NULL),
(1, 2, 2, NULL),
(1, 3, 3, NULL),
(1, 4, 2, NULL),
(1, 5, 2, NULL),
(1, 6, 2, NULL),
(1, 7, 2, NULL),
(1, 8, 2, NULL),
(1, 9, 2, NULL),
(1, 10, 3, NULL),
(1, 11, 3, NULL),
(1, 12, 3, NULL),
(1, 13, 3, NULL),
(1, 14, 3, NULL),
(1, 15, 3, NULL),
(1, 16, 3, NULL),
(1, 17, 3, NULL),
(1, 18, 3, NULL),
(1, 19, 3, NULL),
(1, 20, 3, NULL),
(1, 21, 3, NULL),
(1, 22, 3, NULL),
(1, 23, 3, NULL),
(1, 24, 3, NULL),
(1, 25, 3, NULL),
(1, 26, 3, NULL),
(1, 27, 3, NULL),
(1, 28, 3, NULL),
(1, 29, 3, NULL),
(1, 30, 3, NULL),
(1, 31, 3, NULL),
(1, 32, 3, NULL),
(1, 33, 3, NULL),
(1, 34, 3, NULL),
(1, 35, 3, NULL),
(1, 36, 3, NULL),
(1, 37, 3, NULL),
(1, 38, 3, NULL),
(1, 39, 3, NULL),
(1, 40, 3, NULL),
(1, 41, 3, NULL),
(1, 42, 3, NULL),
(1, 43, 3, NULL),
(1, 44, 3, NULL),
(1, 45, 3, NULL),
(1, 46, 3, NULL),
(1, 47, 3, NULL),
(1, 48, 3, NULL),
(1, 49, 3, NULL),
(1, 50, 3, NULL),
(1, 51, 3, NULL),
(1, 52, 3, NULL),
(1, 53, 3, NULL),
(1, 54, 3, NULL),
(1, 55, 3, NULL),
(1, 56, 3, NULL),
(1, 57, 3, NULL),
(1, 58, 2, NULL),
(1, 59, 2, NULL),
(1, 60, 3, NULL),
(1, 61, 3, NULL),
(1, 62, 3, NULL),
(1, 63, 3, NULL),
(1, 64, 2, NULL),
(1, 65, 2, NULL),
(1, 66, 3, NULL),
(1, 67, 3, NULL),
(1, 68, 3, NULL),
(1, 69, 3, NULL),
(1, 70, 3, NULL),
(1, 71, 3, NULL),
(1, 72, 3, NULL),
(1, 73, 3, NULL),
(1, 74, 3, NULL),
(1, 75, 3, NULL),
(1, 76, 3, NULL),
(1, 77, 3, NULL),
(1, 78, 3, NULL),
(1, 79, 3, NULL),
(1, 80, 3, NULL),
(1, 81, 3, NULL),
(1, 82, 2, NULL),
(1, 83, 2, NULL),
(1, 84, 2, NULL),
(1, 85, 3, NULL),
(1, 86, 3, NULL),
(1, 87, 3, NULL),
(1, 88, 3, NULL),
(1, 89, 3, NULL),
(1, 90, 3, NULL),
(1, 91, 3, NULL),
(1, 92, 3, NULL),
(1, 93, 3, NULL),
(1, 94, 3, NULL),
(1, 95, 3, NULL),
(1, 96, 3, NULL),
(1, 97, 3, NULL),
(1, 98, 3, NULL),
(1, 99, 3, NULL),
(1, 100, 3, NULL),
(1, 101, 3, NULL),
(1, 102, 3, NULL),
(1, 103, 3, NULL),
(1, 104, 3, NULL),
(1, 105, 3, NULL),
(1, 106, 3, NULL),
(1, 107, 3, NULL),
(1, 108, 3, NULL),
(1, 1, 1, NULL),
(1, 2, 2, NULL),
(1, 3, 3, NULL),
(1, 4, 2, NULL),
(1, 5, 2, NULL),
(1, 6, 2, NULL),
(1, 7, 2, NULL),
(1, 8, 2, NULL),
(1, 9, 2, NULL),
(1, 10, 3, NULL),
(1, 11, 3, NULL),
(1, 12, 3, NULL),
(1, 13, 3, NULL),
(1, 14, 3, NULL),
(1, 15, 3, NULL),
(1, 16, 3, NULL),
(1, 17, 3, NULL),
(1, 18, 3, NULL),
(1, 19, 3, NULL),
(1, 20, 3, NULL),
(1, 21, 3, NULL),
(1, 22, 3, NULL),
(1, 23, 3, NULL),
(1, 24, 3, NULL),
(1, 25, 3, NULL),
(1, 26, 3, NULL),
(1, 27, 3, NULL),
(1, 28, 3, NULL),
(1, 29, 3, NULL),
(1, 30, 3, NULL),
(1, 31, 3, NULL),
(1, 32, 3, NULL),
(1, 33, 3, NULL),
(1, 34, 3, NULL),
(1, 35, 3, NULL),
(1, 36, 3, NULL),
(1, 37, 3, NULL),
(1, 38, 3, NULL),
(1, 39, 3, NULL),
(1, 40, 3, NULL),
(1, 41, 3, NULL),
(1, 42, 3, NULL),
(1, 43, 3, NULL),
(1, 44, 3, NULL),
(1, 45, 3, NULL),
(1, 46, 3, NULL),
(1, 47, 3, NULL),
(1, 48, 3, NULL),
(1, 49, 3, NULL),
(1, 50, 3, NULL),
(1, 51, 3, NULL),
(1, 52, 3, NULL),
(1, 53, 3, NULL),
(1, 54, 3, NULL),
(1, 55, 3, NULL),
(1, 56, 3, NULL),
(1, 57, 3, NULL),
(1, 58, 2, NULL),
(1, 59, 2, NULL),
(1, 60, 3, NULL),
(1, 61, 3, NULL),
(1, 62, 3, NULL),
(1, 63, 3, NULL),
(1, 64, 2, NULL),
(1, 65, 2, NULL),
(1, 66, 3, NULL),
(1, 67, 3, NULL),
(1, 68, 3, NULL),
(1, 69, 3, NULL),
(1, 70, 3, NULL),
(1, 71, 3, NULL),
(1, 72, 3, NULL),
(1, 73, 3, NULL),
(1, 74, 3, NULL),
(1, 75, 3, NULL),
(1, 76, 3, NULL),
(1, 77, 3, NULL),
(1, 78, 3, NULL),
(1, 79, 3, NULL),
(1, 80, 3, NULL),
(1, 81, 3, NULL),
(1, 82, 2, NULL),
(1, 83, 2, NULL),
(1, 84, 2, NULL),
(1, 85, 3, NULL),
(1, 86, 3, NULL),
(1, 87, 3, NULL),
(1, 88, 3, NULL),
(1, 89, 3, NULL),
(1, 90, 3, NULL),
(1, 91, 3, NULL),
(1, 92, 3, NULL),
(1, 93, 3, NULL),
(1, 94, 3, NULL),
(1, 95, 3, NULL),
(1, 96, 3, NULL),
(1, 97, 3, NULL),
(1, 98, 3, NULL),
(1, 99, 3, NULL),
(1, 100, 3, NULL),
(1, 101, 3, NULL),
(1, 102, 3, NULL),
(1, 103, 3, NULL),
(1, 104, 3, NULL),
(1, 105, 3, NULL),
(1, 106, 3, NULL),
(1, 107, 3, NULL),
(1, 108, 3, NULL);

-- --------------------------------------------------------

--
-- 表的结构 `dy_blogs`
--

CREATE TABLE IF NOT EXISTS `dy_blogs` (
  `id` int(11) unsigned NOT NULL AUTO_INCREMENT COMMENT '日志id',
  `title` varchar(50) NOT NULL COMMENT '日志标题',
  `url` varchar(50) NOT NULL COMMENT '友好url',
  `content` varchar(4000) NOT NULL COMMENT '日志内容',
  `tag` varchar(500) NOT NULL COMMENT '关键词（标签）',
  `description` varchar(500) NOT NULL COMMENT '描述',
  `imgId` int(11) unsigned NOT NULL DEFAULT '0' COMMENT '封面id',
  `fileId` int(11) unsigned DEFAULT NULL COMMENT '附件id',
  `groupId` int(11) unsigned NOT NULL COMMENT '分组id',
  `type` tinyint(1) unsigned NOT NULL COMMENT '文章种类',
  `ip` varchar(40) NOT NULL COMMENT 'ip',
  `createTime` int(11) unsigned DEFAULT NULL COMMENT '发表时间',
  `updateTime` int(11) unsigned DEFAULT NULL COMMENT '最后更新时间',
  `isTop` tinyint(1) NOT NULL DEFAULT '0' COMMENT '是否置顶',
  `pwd` varchar(60) DEFAULT NULL COMMENT '查看密码',
  `count` int(11) unsigned NOT NULL DEFAULT '0' COMMENT '浏览数量',
  `userId` int(11) unsigned DEFAULT NULL COMMENT '发表用户id',
  `status` tinyint(1) NOT NULL DEFAULT '1' COMMENT '是否启用',
  PRIMARY KEY (`id`)
) ENGINE=MyISAM  DEFAULT CHARSET=utf8 AUTO_INCREMENT=35 ;

--
-- 转存表中的数据 `dy_blogs`
--

INSERT INTO `dy_blogs` (`id`, `title`, `url`, `content`, `tag`, `description`, `imgId`, `fileId`, `groupId`, `type`, `ip`, `createTime`, `updateTime`, `isTop`, `pwd`, `count`, `userId`, `status`) VALUES
(1, '世界你好', 'first', '\r\n	你好，世界。\r\n\r\n	by Xy Blog。\r\n\r\n\r\n\r\n	2013年5月16日 20:11:55\r\n\r\n\r\n	localhost\r\n', '9,10', '<p>你好，世界。</p><p><br /></p><p>by Xy Blog。</p><p>2013年5月16日 20:11:55</p><p>localhost<br /></p>', 22, NULL, 13, 1, '', 1368628954, 1376141739, 1, '', 71, 0, 1),
(2, '更新日志', 'change log', '<p style="text-align:left;"><br /></p><p style="text-align:left;">2013年5月15日 &nbsp;</p><blockquote><p style="text-align:left;">完成项目目录，配置TP框架</p></blockquote><p style="text-align:left;">2013年5月16日 &nbsp;<br /></p><blockquote><p style="text-align:left;">移植后台模版，设计博客数据库</p></blockquote><p style="text-align:left;">2013年5月17日 &nbsp;<br /></p><blockquote><p style="text-align:left;">设计博客浏览页，移植TP官网模版</p></blockquote><p style="text-align:left;">2013年5月18日 &nbsp;<br /></p><blockquote><p style="text-align:left;">上传云空间（SAE,BAE）,进行第一次修改，完善数据库link表，修复html的HEAD描述和关键词<br /></p></blockquote><p style="text-align:left;">2013年5月19日 </p><blockquote><p style="text-align:left;">0:14:34 &nbsp; &nbsp;前台留言初步完成。</p><p style="text-align:left;">13:03:51 &nbsp; &nbsp;后台留言管理初步完成</p><p style="text-align:left;">17:24:27 &nbsp; &nbsp;增加反馈管理</p><p style="text-align:left;">17:24:34 &nbsp; &nbsp;日志，留言，反馈 删除修复</p></blockquote><p style="text-align:left;">2013年5月20日</p><blockquote><p style="text-align:left;">修复SAE云平台部署<br /></p></blockquote><p style="text-align:left;">2013-05-21</p><blockquote><p style="text-align:left;">13:10:55 &nbsp; &nbsp;完成留言列表，留言审核</p></blockquote><p style="text-align:left;">2013-05-22</p><blockquote><p style="text-align:left;">0:14:06 &nbsp; &nbsp;完成后台留言管理，完成评论以及评论管理</p><p style="text-align:left;">20:22:36 &nbsp; 完成Home分组下的二维码生成，增加测试账户</p><p style="text-align:left;">23:37:33 &nbsp; 开放后台测试</p></blockquote><p style="text-align:left;">2013-05-24</p><blockquote><p style="text-align:left;">完成二级评论的实现，已在博客页和留言页实现</p><p style="text-align:left;">优化后台显示</p></blockquote><p style="text-align:left;">2013-05-25</p><blockquote><p style="text-align:left;">13:39:44 &nbsp; &nbsp;完成留言邮箱提醒，二级评论邮箱提醒，修复id错误时提醒</p></blockquote><p style="text-align:left;">2013-05-26</p><blockquote><p style="text-align:left;">0:33:51 &nbsp; &nbsp;完成数据库配置部分，及其生效部分，现已实现：博客开关，回复审核，邮箱通知开关</p><p style="text-align:left;">0:52:49 &nbsp; &nbsp;修复博客评论邮件通知内容里的链接地址，留言部分新增主页项</p></blockquote><p>2013-06-15</p><blockquote><p>15:23:10 &nbsp; &nbsp;完成博客初级配置部分，邮件配置部分</p><p> &nbsp; &nbsp; &nbsp; &nbsp; &nbsp; &nbsp;完成rss生成，完成百度和谷歌的ping服务<br /></p></blockquote><p dir="rtl">小雨<br /></p>', '日志,小雨,blog,xyblog', '', 0, NULL, 1, 1, '', 1368628954, 1371281051, 1, NULL, 81, 1, 1),
(3, '求暑假工机会', '', '<p>本人资料在首页上略有介绍，今年高三，高考的话题不太愿意提起，成绩太差。</p><p>而在高考结束，就会有三个月的暑假，考虑到其他原因，也有两个月的时间，不太想在家待着。</p><p>说到这里，就要再对自己进行进一步介绍了。</p><p>本人，来自农村，至此尚未走出，曾趁暑假随外出打工的父母去过广东两次，随对大城市有这些许向往。</p><p>虽来自农村，但却也较早的接触到计算机（相比于同伴，无法与大城市相比），在对计算机接触的六年里，前三年懵懵懂懂，在虚拟世界里游荡，曾参与过现在很多游戏的内测，曾沉迷过网络文学（网络小说），也曾作为白痴般的小白混迹于曾经的黑客论坛。</p><p>在进入高中后，意识到，那些都是虚幻，自学计算机知识。</p><p>在这里不得不说自己对于计算机的自学能力，在无人帮助，没有门路的情况下，学习至此，很是辛苦。当初的条件，不可谓不辛苦。</p><p>在初一一年里学习计算机基础知识，恶补很多理论知识，编程的一些理论和网站建设的一些理论。写到这里，又想起当初接触到这些的时候域名还是廉价品，几元一个；空间还可以申请免费的，而且免备案，只可惜恰巧错过。</p><p><br /></p><p>好像前面说到的都是无用的，下面说下我能做些什么吧。</p><p><br /></p><p>如同这个博客，在所懂的‘编程’里，较擅长的就是这个PHP动态网页编程了。</p><p>其次，对于C#,也有所基础，不得不说的是接触才不过两个月，但是已有一个插件作品。</p><p>其实，对于计算机的维护和一般问题的维修及组装，也懂些许，（当然一般主板芯片什么的无能为力）。</p><p>在高中三年里，高二的时候班级里配置了多媒体，在参与多媒体维护的时间里，学习到不少东西，也对系统有了不少的认识。</p><p>另外Java的编程也能看懂一些，但独立编程尚不能完成。</p><p><br /></p><p>其实这些都是次要，我最想表达的是我的学习能力，而且是计算机方面的学习能力。</p><p>上面这些都是在学校学习的同时完成的，而上面的学习都是通过当初诺基亚6700s的智能机，学习的理论知识，不要不相信，都是通过uc上网查资料学习理论，很少有实践的机会。</p><p><br /></p><p>如果你那里有工作的机会，还请考虑我一下，但是很抱歉的是我只能作为暑假工参与，因为我暂时还不能放弃学业，纵使高考最后只是大专。</p><p><br /></p><p>联系方式:</p><p>QQ:614422099</p><p>邮箱：614422099@qq.com</p><p><br /></p><p>工作地点不限，暑假打算自己外出闯荡一番。</p>', '', '', 0, NULL, 3, 2, '', 1369114395, 1369114657, 1, NULL, 37, 1, 1),
(4, '开放后台测试', 'test', '<p>\r\n	现已开放后台测试登陆。\r\n</p>\r\n<blockquote>\r\n	<p>\r\n		用户名：<strong>test</strong>\r\n	</p>\r\n	<p>\r\n		密码：<strong>123456</strong>\r\n	</p>\r\n</blockquote>\r\n<p>\r\n	已封闭测试用户的密码修改和资料修改。\r\n</p>\r\n<p>\r\n	开放各模块的浏览权限，但未开放编辑和增加权限。\r\n</p>\r\n<p>\r\n	<br />\r\n</p>\r\n<p>\r\n	其实，后台只有基本功能，设置模块和附件管理模块还在本地测试中。\r\n</p>\r\n<p>\r\n	所以只有，博客管理，评价管理，和留言管理。\r\n</p>', '', '', 0, NULL, 3, 2, '', 1369233741, 1372916639, 1, NULL, 35, 1, 1),
(5, '已实现离线二维码功能', 'qrcode', '<p>今天下午已完成二维码的生成功能。</p><p><br /></p><p>前台已部署上。</p><p>后续会支持二维码登陆功能。</p><p><br /></p><p>二维码在每个页面的右侧上方悬浮。</p><p><br /></p><p>可以使用你的手机进行扫描了，测试看看哦！<br /></p>', '', '', 0, NULL, 0, 2, '', 1369237829, NULL, 0, NULL, 6, 1, 1),
(6, '笔记本键盘坏了，而且又快高考，停两天', '', '<p>笔记本从昨天键盘就出问题了，大概是上档键短路了，电脑开机后一直警报，正在想办法换个键盘。<br />而且马上又要高考，所以这个博客的编写要等两天了，放心，时间不会很长，还有一个周就快考试了。最多15天，就会回来的。<br /></p>', '', '', 0, NULL, 0, 3, '', 1369707474, NULL, 0, NULL, 4, 1, 1),
(7, '还真有人刷评论', '', '<p>没想到还没完成的博客也有人刷评论广告，没办法，先开启审核。<br /></p>', '', '', 0, 0, 17, 3, '', 1371282084, 1376126805, 0, NULL, 20, 1, 1),
(8, '什么是RSS？', '', '<p><strong>RSS的定义</strong></p><p><br />    RSS(Really Simple Syndication)是一种描述和同步网站内容的格式，是目前使用最广泛的XML应用。<br />RSS是一种起源于网景的推技术，将订户订阅的内容传送给他们的通讯协同格式(Protocol)。RSS可以是以下三个解释的其中一个： <br />   Really Simple Syndication <br />   RDF (Resource Description Framework) Site Summary <br />   Rich Site Summary <br />   其实这三个解释都是指同一种Syndication的技术。 RSS目前广泛用于网上新闻频道，blog和wiki，主要的版本有0.91, 1.0, 2.0。<br /><br /><strong>本站的RSS地址</strong></p><p><br />    <a href="http://dingxiaoyu.com/Rss">http://dingxiaoyu.com/Rss</a><br /></p><p><br /></p><p> <strong>RSS会帮您更好的节省时间</strong></p><p><br />    如果您每天都上网看咨询/技术/朋友的BLOG，那么您如果每个网站/BLOG都去翻一遍的话，那么会使您那宝贵的时间更加的“宝贵”！所以如果 您使用一个RSS阅读器（Google Reader、抓虾都是不错的RSS阅读器）的话，会节省大量的时间.</p>', '', '', 0, 0, 16, 2, '', 1371285801, 1376126794, 0, NULL, 15, 1, 1),
(9, '测试封面', '', '这篇文章的主要内容是测试封面', '', '', 2, 0, 13, 1, '', NULL, 1376126823, 0, NULL, 17, 1, 1),
(10, '测试共享文档', '', '测试一个附件', '', '', 0, 3, 3, 2, '', NULL, NULL, 0, NULL, 7, NULL, 1),
(11, '测试一个博文附件', '', '博客里的附件测试', '', '', 4, 5, 1, 1, '', NULL, NULL, 0, NULL, 41, NULL, 1),
(19, '应用栏指南（Windows 应用商店应用）', '', '用户体验指南\r\n通过应用栏，用户可以在需要时轻松访问相应的命令。用户可以轻扫屏幕的底部边缘以显示应用栏，然后可以与其中的内容交互以使应用栏消失。应用栏还可用于显示特定于用户上下文的命令或选项，例如照片选择或绘图模式。\r\n如果你的命令是用户完成工作流（如购买产品）所必需的，请将该命令放在画布上（而不是应用栏中）。\r\n[img]/./Public/Uploads/editorUpload/2013-08-11/1376172966.jpg[/img]', '11,12,13', '', 29, 0, 2, 1, '123.119.232.239', 1376173028, 1376173069, 0, NULL, 12, 0, 1),
(12, '测试发起项目', '', '这是主要内容\r\n[b]加粗[/b]\r\n[url]http://xy.dingxiaoyu.com/Project/[/url]\r\n[code]这是代码[/code]\r\n[img]/./Public/Uploads/editorUpload/2013-08-06/1375722819.jpg[/img]', '1,2', '这里是这个测试发起项目的摘要', 6, 8, 4, 3, '171.9.52.134', 1375722847, 1375722847, 0, NULL, 31, 1, 1),
(13, '前台测试发起博客', '', '这里是文章内容\r\n[b]加粗[/b]\r\n[url]http://xy.dingxiaoyu.com/blog/[/url]\r\n[code]http://xy.dingxiaoyu.com/blog/[/code]\r\n[img]/./Public/Uploads/editorUpload/2013-08-06/1375723394.png[/img]', '', '', 10, 0, 2, 1, '171.9.52.134', 1375723414, 1375723414, 0, NULL, 12, 1, 1),
(14, '测试文档发布', '', '测试文档的内容', '1,2,3', '', 0, 11, 3, 2, '171.9.52.134', 1375724090, 1375724090, 0, NULL, 5, 1, 1),
(15, '后台测试发表博客', '', '这是后台测试的内容\r\n[b]加粗[/b]\r\n[url]http://xy.dingxiaoyu.com[/url]\r\n[code]http://xy.dingxiaoyu.com[/code]\r\n[img]/./Public/Uploads/editorUpload/2013-08-06/1375724259.jpg[/img]', '', '', 13, 14, 2, 1, '171.9.52.134', 1375724341, 1375724341, 0, NULL, 24, 1, 1),
(16, '后台测试发表文档', '', '[b]加粗[/b]\r\n[url]http://www.baidu.com[/url]\r\n[code][url][/url][/code]\r\n[img]/./Public/Uploads/editorUpload/2013-08-06/1375724409.jpg[/img]', '', '', 0, 16, 3, 2, '171.9.52.134', 1375724427, 1375724427, 0, NULL, 20, 1, 1),
(17, '后台测试项目', '', '这是一个项目的内容\r\n[b]加粗[/b]\r\n后台管理：[url]http://xy.dingxiaoyu.com/Admin.html[/url]\r\n[img]/./Public/Uploads/editorUpload/2013-08-06/1375724505.gif[/img][img]/./Public/Uploads/editorUpload/2013-08-06/1375724517.gif[/img]', '', '后台测试项目的摘要', 17, 20, 17, 3, '171.9.52.134', 1375724581, 1378121945, 0, NULL, 43, 1, 1),
(18, '这篇文章用了测试代码', '', '这是一个共享，用来测试代码\r\n[code]这是代码里的内容\r\n这是第二行\r\n&lt;?php\r\necho '''';[/code]', '1,8', '', 0, 0, 3, 2, '171.13.176.182', 1376076430, 1376076430, 0, NULL, 8, 1, 1),
(20, '通过命令添加应用栏', '', '[img]/./Public/Uploads/editorUpload/2013-08-11/1376173137.jpg[/img]\r\n本快速入门介绍如何向采用 JavaScript 的 Windows 应用商店应用中添加应用栏。 如果你使用此示例中显示的默认样式和标记，则你放在应用栏中的命令将进行相应的样式设置。命令图标既支持图像的子画面又支持字形。', '14,15', '', 31, 0, 13, 1, '123.119.232.239', 1376173194, 1376173194, 0, NULL, 129, 1, 1),
(21, '设置应用栏的样式', '', '快速入门：设置控件样式解释 Windows JavaScript 库样式表如何提供一组自动为你的应用提供 Windows 8 外观和感觉的样式。下例解释如何使用级联样式表 (CSS) 自定义某些应用栏样式。\r\n\r\n浅色主题和深色主题\r\n当你为你的应用选择了浅色或深色样式表时，它将影响应用栏的外观以及应用的其他控件。对于此示例应用栏：\r\n\r\n\r\n添加 Appbar.js 文件\r\n在解决方案资源管理器中，右键单击 js 文件夹，指向“添加”，然后单击“新项目”。\r\n在“已安装”窗格中，展开 JavaScript，然后在对话框的中心窗格中，单击“JavaScript 文件”。\r\n在“名称”文本框中，输入 Appbar.js。\r\n单击“添加”创建文件并将其添加到项目中。\r\n\r\n[img]/./Public/Uploads/editorUpload/2013-08-11/1376173919.jpg[/img]\r\n\r\n此方法主要用于在屏幕顶部生成导航条。\r\n\r\n[img]/./Public/Uploads/editorUpload/2013-08-11/1376173968.jpg[/img]', '14,13', '', 37, 0, 13, 1, '123.119.232.239', 1376174012, 1376174047, 0, NULL, 62, 0, 1),
(22, 'Metro设计的二十四章经   系列目录', '', '1 Metro设计原则和Metro设计语言概述\r\n\r\n2 Windows Phone App 设计流程\r\n\r\n3 创意和概念模型\r\n\r\n4 Hub &amp; Spoke 导航模式\r\n\r\n5 Panorama、Pivot和Pages页面控件的选用\r\n\r\n6 Windows Phone应用的信息架构\r\n\r\n7 设计Panorama页面\r\n\r\n8 Windows Phone上的页面布局（第一部分）\r\n\r\n9 Windows Phone上的页面布局（第二部分）\r\n\r\n10 Windows Phone上的页面布局（第三部分）\r\n\r\n11 Windows Phone设计中的栅格系统\r\n\r\n12 图片设计和图像的使用\r\n\r\n13 手势触摸设计\r\n\r\n14 Windows Phone应用工具栏(App Bar)的利用\r\n\r\n15 设计Windows Phone图标\r\n\r\n16 印刷风格设计\r\n\r\n17 Windows Phone动画目录\r\n\r\n18 Panorama页面的背景设计\r\n\r\n19 磁贴设计要点\r\n\r\n20 黑体字的使用\r\n\r\n21 触摸区域设计\r\n\r\n22 视图方向——纵向、横向左移、横向右移\r\n\r\n23 提升用户体验感知\r\n\r\n24 借助设计灵感对Metro的更多探索\r\n\r\n \r\n\r\n该系列文章是原微软一位交互设计师 Auturo Toledo 发布在其博客上的一系列文章，旨在对Windows Phone 平台上Metro设计思想以及相关的方法和流程进行介绍和讨论。作者原计划在数周内陆续更新发布相关文章篇目，但是……他跳票了（尼玛，这是要坑死爹啊！）……\r\n\r\n在接下来的一段时间内，DesMetro会陆续将这一系列的文章翻译介绍给大家。除现在已发布的文章外，新文章的译稿发布视作者原稿内容发布时间而定（T_T）。DesMetro实力有限，翻译不妥之处欢迎多多批评指正。\r\n\r\n转载自：http://desmetro.com/\r\n原系列目录地址：http://ux.artu.tv/?page_id=190', '16,11', '', 38, 0, 2, 1, '218.205.192.48', 1376957102, 1376957102, 0, NULL, 21, 8, 1),
(23, '网易Q2收入创新高,门户业务增长强劲', '', '\r\n[url]http://www.damndigital.com/archives/99492[/url]\r\n\r\n[code]8月15日，网易发布截止到2013年6月30日的第二季度未经审计财报。财报显示，网易2013年第二季度总收入24.14亿元(3.93亿美元)，同比增长20.4%，环比增长6.9%，创下历史最高；门户业务继续呈现良好势头，广告服务收入增长强劲，同比增长33.3%，环比增长64.5%，收入达到2.72亿元人民币(4,436万美元)。[/code]\r\n\r\n[img]/./Public/Uploads/editorUpload/2013-08-20/1376957857.jpg[/img]\r\n\r\n“有态度” 成就独特品牌影响力\r\n作为老牌门户网站，网易虽然一直表现务实、低调却始终“有态度”。通过提升传统互联网和移动互联网的服务、在内容及产品建设上充分体现差异化，网易的发展稳中有升。\r\n“有态度”的门户品牌定位已渗入到网易各个频道、各个领域、各个细节，如新闻、财经、科技、体育、娱乐等等都以此为核心；观点独特的述评类专栏《另一面》以及图片专栏《看客》等经典栏目，因充分体现这一品牌理念而成为常青树；网易的新闻专题、特别策划、原创专栏、评论跟帖等优势内容，则因此成为用户自动聚合的推力。\r\n同时，以媒体业务为主导，网易不断加大传统门户和移动互联网的产品整合力度，构建起由资讯、教育、效率、娱乐四个维度组成的云端布局。在移动互联网上，网易“有态度”的定位、强大的编辑能力和用户互动性也成就了网易新闻客户端领跑的地位，汇聚1.2亿用户，吸引4000万日活跃用户。此外，有道云笔记用户数量达到1,500万，有道词典用户总数突破3.5亿，其中移动端用户数超过1.8亿。\r\n以“有态度”为号召，近来网易进一步提出“思考的DNA”，强调网易不仅仅是生产“有态度”新闻的门户，更是聚合“有态度”观点的平台，构建年轻人自由的思考空间，形成独立的见解，并勇于在网易这个平台上表达自我。对网易来说，“有态度”不仅是最具个性的品牌标签，更成为能够聚合主张自我、个性的年轻人的内核。\r\n[img]/./Public/Uploads/editorUpload/2013-08-20/1376957866.jpg[/img]\r\n拼用户体验提升优势\r\n用户需求得到基本满足后，一定会有更高的需求，如何满足用户高层次的需求，在成熟而竞争激烈的互联网市场中越来越重要。而用户体验，正是网易每每推出新产品能够迅速占领市场的保证。\r\n网易传统业务，如门户网页改版、游戏自主创新研发、移动新闻客户端优化等，不断从细节上提升用户感受，而网易云音乐、云阅读等创新的移动应用则因用户体验优异而迅速赢得市场。网易新闻客户端在2013年推出自媒体特色栏目，每日轻松一刻、今日之声、易百科、娱乐 BigBang、七日谈等为移动终端特制的原创内容，形成极强的识别力。而网易云音乐以“移动音乐社区”为独特定位，上市一周就成为APP Store新品推荐第一位，在免费类音乐APP的排名冲到第三位。其专业的音乐体验率先对高需求人群形成吸引，第三方数据机构缔元信调查显示，对播放音质、音乐分享更加看重的重度爱好者选择网易云音乐的比例远远高于非重度爱好者。网易云阅读则引入有道云笔记内容导入阅读、网易新闻的聚合内容源，开放自媒体入口，全面提升用户个性、定制化的阅读体验。\r\n独特的“有态度”理念、优异的用户体验使网易在竞争激烈的互联网中独树一帜，形成差异化的领先优势。据中国互联网协会发布的2013年度“中国互联网100强”报告中，网易综合排名名列前茅。这一排行综合考察企业2012年营收、在线业务（网站）访问量和访问速度体验三项指标数据，对企业进行的综合排序和分析评价，显示业界对网易品牌影响力的认可。以“有态度”一以贯之，也使网易未来的扩张将继续有序而稳健。', '17,18', '', 0, 39, 16, 2, '218.205.192.48', 1376957869, 1376957869, 0, NULL, 18, 8, 1),
(24, '从Windows Phone到Windows 8平台Metro应用的统一设计', '', '许多 Windows Phone 开发者已经计划将他们的 Windows Phone 应用移植到 Windows 8 系统上。也许你会想：同样是 Metro 的界面风格，应该很容易能够进行直接移植吧？让我们通过下边的案例来看看是否确实如此。 \r\n\r\n这个案例相信可以给我们带来一些启发。通过这个对现有Windows Phone应用移植到Windows 8的过程，我们将对 Windows Phone 和 Windows 8 设计指导中主要相似之处和不同点进行讨论，了解我们的设计哪些能够在这个过程中被复用，以及哪些不能。 \r\n\r\n出于这个目的我们使用 Tasks（这是一款目前 Windows Phone 平台上下载量超过10,000的todo类工具应用）作为我们的设计案例。作为使用我们所开发的 Windows Phone 平台UI组件搭建的演示案例，这个应用由Telerik的Windows Phone团队开发。它起初是名为ToDoLists的应用，最初是作为Windows Phone开发者学习材料而发布的。（该应用源码可免费使用。 下载） \r\n\r\n我们将涉及所有Metro应用中关键的设计模式和设计流程，并对 Windows Phone 和 Windows 8 之间的异同进行讨论。因此主要目录如下： \r\n\r\n设计流程\r\n\r\n界面布局和导航\r\n\r\n操作命令和动作\r\n\r\n触摸操作\r\n\r\n屏幕导向和视图\r\n\r\n通知和活动磁贴\r\n\r\nTelerik即将推出的 Windows 8 套件\r\n\r\n你也可以点击下载 高分辨率PDF文件 （大约7M）和 低分辨率PDF文件 （大约2M）。 \r\n\r\n一、设计流程 \r\n\r\n在获得初步的设计思路之前，我们并不需要关心应用所在的平台究竟为何。在一开始的时候，重点在于研究和思考用户实际的需求，以及对所有平台上的同类应用进行分析。在本案例中，我们已对 Tasks 在 Windows Phone 平台有了初步的信息架构。在此基础之上我们需要对其进行优化并确保它能够适应于不同的屏幕尺寸。 \r\n\r\n下图即为这一阶段所使用的低保真原型——各种创意草图，能够形成完整交互流程的应用页面以及应用早期的纸面原型。下一步的工作是将原型从纸面转化成原型文件，并在此过程中提高线框图保真度。 \r\n\r\n[img]/./Public/Uploads/editorUpload/2013-08-20/1376958340.jpg[/img]\r\n\r\n纸面草图\r\n\r\n\r\n开发人员需要参与设计流程中的每一步，提供技术参考并协助创意。在我进行视觉设计的同时，他们开始进行应用原型的开发。这并不意味着我的工作将在视觉设计的工作完成时结束，恰恰相反，在所有功能的开发和集成过程中一位专业设计人员的参与是十分必要的。只有这样，我们才能确保所有的设计决策得以正确的理解和实施（尤其是触摸操作）的同时，还可以有流畅自然的交互过程。如果条件允许的话，通过与开发团队和测试人员的协作进行多次迭代，坚持敏捷思想的实践。 \r\n\r\n我的建议是尽可能早些在硬件设备上进行调试。而且一旦你开始在硬件设备上调试应用，不要抗拒任何能够让应用体验获得最优的必要的变更修改。需要切记的是，不要执迷于那些没办法正常使用的设计或功能特性。 \r\n\r\n[img]/./Public/Uploads/editorUpload/2013-08-20/1376958374.jpg[/img]\r\n\r\n页面流程图——最终设计环节的可交付成果之一', '16,11,19', '许多 Windows Phone 开发者已经计划将他们的 Windows Phone 应用移植到 Windows 8 系统上。也许你会想：同样是 Metro 的界面风格，应该很容易能够进行直接移植吧？让我们通过下边的案例来看看是否确实如此。 ', 43, 45, 17, 3, '218.205.192.48', 1376958409, 1376958409, 1, NULL, 30, 8, 1),
(25, '苹果向左 微软向右：谁能窃取移动互联网真正灵魂', '', '[img]/./Public/Uploads/editorUpload/2013-08-24/1377348554.jpg[/img]', '16', '', 47, 48, 1, 1, '218.205.192.49', 1377348593, 1377348593, 0, NULL, 16, 8, 1),
(26, 'Windows 8系统能否让微软翻身击败苹果？', '', '[img]/./Public/Uploads/editorUpload/2013-08-24/1377348677.jpg[/img]\r\n\r\n[b]一、现状：微软正在失去什么？[/b]\r\n\r\n　　Win8 开发者预览版发布后广受好评，微软在操作系统的老大地位看上去还是很稳固。对手苹果的 Mac OS X 只不过是有钱人的玩意，Linux 也只是技术宅们才知道的东西。\r\n\r\n　　Win8 号称拥有更快的启动速度，更短的关机时间、更人性化的人机界面、更多平板的兼容和优化、和口碑“非常好” 的Metro 界面，这一切一切都让 Win8 的前途仿佛很光明，天下无敌。可是，真的是这样吗？\r\n\r\n[img]/./Public/Uploads/editorUpload/2013-08-24/1377348713.jpg[/img]\r\n\r\n[b]二、未来：研发 Win8 的意义[/b]\r\n\r\n　　Win8 对于微软来说，不仅仅是一个传统的桌面系统那么简单。它承载着微软在平板市场上对抗 iPad，在手机市场上对抗 iPhone 和 Android 手机的重担。\r\n\r\nWin8对微软意味着什么？\r\n\r\n　　将 Metro 界面从 Windows Phone 移植到 Win8，让 Win8 可玩性更高，微软也希望借助自身的 Windows 市场占有率和知名度可以带动自家的手机系统——Windows Phone 的发展。\r\n\r\n　　微软上一代的 Windows Mobile 智能手机系统耗掉了极大的人力物力投入，却得不到相应的回报。而且受限于塞班 S60 的蓬勃发展，微软也失去了智能手机市场的先机。\r\n\r\n　　当 iOS 和 Android 带动了整个智能手机市场的发展，微软就彻底失去了智能手机市场的所有份额。Win8 的 Metro 能否让微软曲线救国，还要看 Win8 以及是 Windows Phone 7 系统的后续发展。', '19,11', '', 51, 52, 13, 1, '218.205.192.49', 1377348816, 1377348816, 0, NULL, 15, 8, 1),
(27, 'OneThink内容管理框架即将发布', '', '[img]/./Public/Uploads/editorUpload/2013-09-02/1378122022.jpg[/img]\r\n\r\n继ThinkPHP的SAE引擎、云引擎和TPM（ThinkPHP Mobile）之后，上海顶想信息科技将于中秋发布一款内容管理框架OneThink，正式向应用开发迈出新的一步。\r\n\r\n作为国内领先的WEB应用开发框架提供商，顶想一直致力于简化Web应用开发。随着WEB应用开发框架ThinkPHP用户群的快速增长，我们一直在思考如何让开发变得更简单，这是一场速度与激情的梦想追逐，在梦想之路上，我们痛并快乐着，因为有你们——无数T粉的支持和喝彩。 \r\n\r\n随着移动互联网浪潮席卷全球，不断催生企业及个人用户积极投入建站的行列，在互联网中展示自己。但建设一个多元化、个人性化的网站需要投入大量的人力和物力成本，让不少人望而却步。为了让WEB应用开发变的更简单，顶想即将推出新的力作OneThink，致力于成为国内领先的内容管理框架。产品缘自顶想公司多年的沉淀和积累，基于最新的ThinkPHP框架和灵活的架构设计，采用了动态化和层次化的文档模型设计理念，是顶想公司厚积薄发之作，无论是博客、门户还是社区，从简单到复杂，WEB应用从此得心应手。\r\n\r\nOneThink以其便捷的建站、丰富的扩展、灵活的二次开发，以及云服务的支持，为广大个人和企业建站带来新的契机和机遇，即将成为互联网新的弄潮儿。\r\n\r\n从框架到应用，顶想的宗旨没有变化，宝剑锋出磨砺来，应用功成梦想中，OneThink是激情？是超越？还是淡定？JUST THINK IT！\r\n菜鸟轻松开发个性化WEB应用，OneThink一切皆有可能！\r\n\r\n[b]9月19日 中秋月圆 如你所愿！[/b]\r\n\r\n获取更多信息，请关注官方主页http://www.thinkphp.cn/，或官方新浪微博（@thinkphp）。', '20,2', '', 55, 57, 2, 1, '218.205.192.49', 1378122077, 1378122077, 0, NULL, 16, 9, 1),
(28, 'Windows 8.1 RTM 相比 Windows 8 有哪些改进？', '', '[code][核心提示] 从Windows 8 RTM 到 Windows 8.1 rtm ，仅仅一年时间，当时的 Win8 之父辛诺夫斯基已离职，鲍尔默也即将退休，而系统本身又有哪些改进呢？[/code]\r\nWindows 8.1 代号 Blue，是微软在 Windows 8 之上的改进。在大前天，微软宣布已完成 Windows 8.1 RTM版（制造商版，等同于正式发布版）并已经交付给 OEM 厂商。\r\n[img]/./Public/Uploads/editorUpload/2013-09-02/1378122540.jpg[/img]\r\n      早在今年6月份的微软 Build 2013 开发者大会上就已经发布了 Windows 8.1 Preview版。\r\n      不过今年微软却拒绝向开发者提前提供最新版 Windows 8.1，然后就在微软表示开发者只能和消费者一样只能等到10月中旬才可获得新版本系统的隔天，Windows 8.1 RTM 企业版和专业版相继被泄露出来。极客公园也在第一时间下载并使用了 64位的 Windows 8.1 RTM 企业版。那么相比一年前的 Windows 8，这个 8.1 RTM 都有哪些改进呢？\r\n[img]/./Public/Uploads/editorUpload/2013-09-02/1378122571.png[/img]\r\n\r\n[b]安装[/b]\r\nWin 8.1 的安装和之前 Win 8 的安装无论是方法还是过程都是一样的，不同的地方仅仅在于安装过程如果选择自定义设置可以提前看到一些 Win 8 所没有的功能。\r\n\r\n[b]锁屏[/b]\r\nWin8.1 新增了在锁屏界面上播放幻灯片功能，并且默认为开启。经常在自己电脑里存有 18+only 图片的童鞋注意了，下图为一个使用 Win8.1 Preview 版的童鞋离开座位时的锁屏界面（处理后照片），那天路过该电脑前的我和我的小伙伴们都惊呆了。 \r\n[img]/./Public/Uploads/editorUpload/2013-09-02/1378122618.png[/img]\r\n[b]开始按钮[/b]\r\n被无数人吐槽后在 Windows 8.1 中微软终于又将“开始按钮”加了回来，然后又引起了无数人吐槽。因为加上的那个“开始按钮”普通左键点击依旧起到的是之前 Win8 中左下角触发传统桌面与 Metro 界面切换的功能，唯有右键才有一堆很难识别的功能菜单，并不是大多数人想要的，还不如不加。', '16,11', '', 58, 61, 12, 1, '218.205.192.49', 1378122657, 1378122657, 0, NULL, 27, 9, 1),
(29, '微软 IllumiRoom 沉浸式游戏系统因太贵难以产品化', '', '微软今年年初披露了研究院的 IllumiRoom 项目，IllumiRoom 结合 Kinect 和投影能够将游戏画面无缝扩展到电视画面以外的空间，将房间环境投影为沉浸式游戏环境。但遗憾的是，微软 Xbox One 产品规划总监 Albert Penello 否认了这款项目的产品化，因为成本太高。\r\n\r\n微软 IllumiRoom 沉浸式游戏系统因太贵难以产品化\r\n\r\n“如果你在那实验室体验，那非常棒。如果你获得了微软的赞助，也可以打造一个相同的超赞实验室，但……我们已经研究，对于普通消费者来说，这需要数千美元来打造这套系统”。微软称这套 IllumiRoom 系统可以“改变房间的外观，包括可视运动、扩大视野、开启全新的游戏体验”，演示视频可供感受：\r\n\r\n\r\n\r\n\r\nIllumiRoom 最早是在 CES 2013 中演示的项目，之后也就在 ACM CHI 上演示过，而在 Xbox One 或是 E3 等发布会上微软都没有提及 IllumiRoom。很显然，我们离 IllumiRoom 上市还得等很长一段时间。（via The Verge）', '21,22', '', 0, 0, 12, 1, '218.205.192.49', 1378122875, 1378122875, 0, NULL, 23, 9, 1),
(30, 'Path for Windows Phone 8 原型应用演示', '', '       诺基亚此前在 Lumia 1020 纽约发布会上宣布了私密社交 Path for Windows Phone 应用，尽管上个月底诺基亚在 Twitter 上宣布 WP 版 Path 应用即将到来，但始终没有具体的发布时间和详细截图。\r\n\r\n      下面是视频中的 Path 截屏：\r\n[img]/./Public/Uploads/editorUpload/2013-09-02/1378123365.png[/img]\r\nNet Applications 按惯例发布了最新月份的操作系统和浏览器份额报告。2013 年 8 月，Windows 8 份额大幅提升，从上个月的  5.42% 升至 7.41%；而 Windows XP 的份额爆跌从 37.19% 至 33.66%；Windows 7 仍是桌面操作系统第一位，份额从 44.49% 升至 45.63%；Mac OS X 从 7.19% 升至 7.28%。\r\n\r\n       本月也标志着 Windows 8 正式超过了 Mac OS X 的份额。值得注意的是，Windows 8.1 预览版发布 2 个月，份额已经有 0.24%，但 Chrome OS 发布两年多还未突破 0.1%。\r\n\r\n\r\n8 月，Windows 8 份额增长 2%，超过 Mac OS X\r\n\r\n浏览器方面，8 月 Internet Explorer 整体也从 56.61% 升至 57.6%，Firefox 18.88%，Google Chrome 16%。全球 IE6 份额已经下降到 6.1%，中国大陆仍有 22.2%（上个月为 24%）。\r\n\r\n备注：Net Applications 的数据来自 40,000 个网站每月独立访问量 1.6 亿。数据只供参考，非微软官方数据。（via Neowin）', '23,22', '       Clarity Consulting 创意总监 Erik Klimczak 在 Vimeo 上意外分享了一段 Path for Windows Phone 8 原型应用的演示视频。从视频来看，该原型设计完成度已经很高，但和之前的 Path 预览又有细节不同。\r\n       目前无论是 Surface RT 还是 Surface Pro 甚至是部分配件都已经降价。微软也已经在官方商店中开始销售更便宜的官方翻新版 Surface RT，32 GB 价格是 $299 比全新版便宜了 $50，64 GB 价格是 $379。\r\n      如果你想要购买 $299 的官方翻新版 Surface RT，可前往美国 Microsoft Store 页面订购。微软也在页面中强调了“微软认证翻新，由专业人员仔细检查、精心翻新”：所有退回的 Surface 设备都经过优化和重新刷入最新版本的系统和应用，而且包括一年保修。\r\n\r\n       目前 Surface Pro 没有官方翻新版，但价格已经降至从 799 美元/ 6588 元人民币起跳。（via Neowin）', 66, 65, 0, 3, '218.205.192.49', 1378123438, 1378124012, 1, NULL, 20, 9, 1),
(32, '身份证复印件的正确使用方法（对每一个人都很重要）', '', '[img]/./Public/Uploads/editorUpload/2013-09-17/1379390501.jpg[/img]\r\n\r\n身份证复印件的正确使用方法（对每一个人都很重要）\r\n\r\n　　身份证对我们来说非常重要，要求提供复印件的情况很多，根据法律要求，大家应该按以下方法操作。\r\n\r\n　　注意：以下需要签的文字一定要签在身份证的范围内，但不要遮住IDNo(身分证字号)及姓名，请尽您所能的传阅出去，因为事关许多人的权益，也是为防止不法之徒另作他用.\r\n\r\n　　有时难免要将身分证复印件交予他人如购车，保险……等等,以下是司法部上班的朋友转寄的……参考参考！！身分证复印件正确签注写法！正确写法如下：\r\n\r\n　　身分证复印件签注写法：身分证复印件记得要签注写法是分三行\r\n\r\n　　仅提供XX银行--------------\r\n\r\n　　申请XX基金扣帐-----------\r\n\r\n　　他用无效---------------------\r\n\r\n　　用蓝色原子笔，部分笔画与身份证的字交叉或接触，每一行后面一定要划上横线，以免被偷加其它文字。\r\n\r\n　　无论是信用卡，基金，手机……申请书，只要须附身分证复印件的，一律照办，政府的表格也一样，另外，申请书尚未填写的空格，如：附卡申请，加买保险，加买第二支基金，申请手机号等，这些空下的字段都必须画叉叉，以免被不法业者补填。\r\n\r\n　　这个真的是很重要……如果你有修过相关法律课程或票据课程你就知道，所以……大家小心点，身分证复印件记得要签名呦！\r\n\r\n　　兹提供生活上便利的小方法保障自已的权利，你拿身份证复印件去办信用卡时，记得在复印件上写：\r\n\r\n　　此身份证复印件，仅为申请XX银行XX信用卡用，不得转为其它用途。（XXX签名）', '25,26', '', 72, 73, 1, 1, '218.205.192.49', 1379390523, 1379390523, 0, NULL, 4, 1, 1),
(33, '测试下附近', '', 'sae平台附件测试\r\n[img]/./Public/Uploads/editorUpload/2013-09-20/1379652102.jpg[/img]', '1', '', 74, 75, 1, 1, '1.192.119.114', 1379652126, 1379652126, 0, NULL, 7, 1, 1),
(34, '我没看见营销,我看见的是生活', '', '深泽直人 Naoto Fukasawa\r\n\r\n享誉世界的产品设计师，曾与苹果、耐克、爱普生、日立、无印良品、日本精工等众多欧美及亚洲品牌有过卓越的合作。他曾是美国IDEO的元老，并在日本创建了IDEO分部、深泽直人设计公司及家电日用品牌±0 Plus Minus Zero，此外还担任MUJI无印良品公司的顾问委员、东京21_21 Design Sight美术馆总监、武藏野美术大学教授、多摩美术大学客席教授等职。深泽直人获得过众多国际性的设计大奖，包括德国iF金奖、red dot奖、英国设计与艺术指导协会金奖、日本G-mark金奖、美国IDEA金奖等，并被英国皇家艺术协会授予荣誉皇家工业设计师称号，其作品在世界各国展出，并为众多顶级博物馆列为永久收藏。\r\n\r\n[img]/./Public/Uploads/editorUpload/2013-09-22/1379863218.jpg[/img]\r\n\r\n您怎样定义好设计，并且实现它？\r\n好设计应该让人们乐于在日常生活中一点点地去体验它，从中获得饱满而持久的快乐。就像我所做的屋室、餐具这样的平常物，这是一种在改良过程中创造的温和的新意，它们独一无二，绝不是短暂存在的新奇。需要仔细体会。\r\n\r\n无论在物质角度，还是在精神角度，实现这种设计都是一个无止境的过程，因为任何一种“恰当”和“优良”都会随时空变换而“磨损”或“错位”，因为设计是人在做，人都需要时间去做到最好，而产品是人在用，人都需要时间去认识它的优良。尤其是牙刷这类极其普通的日用品，人们在购买时不大会留心它的设计，然而一旦顾客在使用后感到了牙刷的好用，就会对它的设计乃至其它用品的设计产生兴趣和判断。\r\n\r\n我所做都是十分平常的设计，它们都经历了不断完善和逐渐实现的过程，从来都不是一蹴而就，就像我画一个很普通的圆，必须先勾出圆的轮廓，然后不断地在轮廓上来回调整，最后才能得到接近完美的圆。再比如，我在一次宴会上看到一把很不入眼的叉子，其实这把叉子本身并没有什么问题，只是它不符合这次宴会的格调和需要。如此一来，就有了为这类宴会设计一把合适的叉子的需求。在我看来，平常百姓对于日用品的充分依赖和细微敏感，是设计最大的福祉和机会。设计师完全有力量去重构一种坚实的生活。\r\n\r\n我清楚设计的边界，不追求新奇，我的精力主要用来修缮那些不良的、错误的生活细节，由此而来的设计都是为了接近和回归那些对于生活有益的常识。人们总是有一种误解，认为设计师一定要创造很新奇、很特别的东西，其实不然，设计师更多的是让人们为拥有和使用平常物而快乐。况且“新”和“平常”这两种品质在优良的设计中是完全可以共存的。就像人们到“无印良品”买东西时，心情通常是平实的、简单的，与购买奢侈品时的心态是极为不同，而他们体验和拥有的却是一种温和有力的新的生活方式。\r\n\r\n“心态”很微妙，也很复杂，如何理清和切入？\r\n用户的心态通常呈现两面性，一方面向往新奇奢华，一方面向往平常朴素，这种复合心态带来了对产品丰富细腻的需求。尽管急功近利的市场总是盯住消费者心态的某一方面，但我始终认为好的设计、负责任的设计应在人的两面性之间把持平衡。\r\n\r\n我以这种中立思维为世界各地的客户做设计，例如“±0 Plus Minus Zero”，它体现的是创作者与使用者的意识中的一种共同意象，换句话说，在设计之前，设计的构想就已经存在于包括设计师在内的不同人的心里，我只是敏锐地找到了它，纯化了它，并将其物化。实际上，每一个体的心态都可以成为有价值的设计，成为潜在的设计潮流，因为他可以感染并带动周围的人，设计师要做的是去寻找介入不同心态的方法，找到人与人、人与物的默契，然后诚恳而有韧性地实现它。\r\n\r\n您与许多著名公司合作过，之间是否存在障碍？如何消除？\r\n我与许多大公司合作过，这些合作能富有成效的最大前提是对方必须理解我的设计，理解我作为设计师的灵魂。若没有这份商业对于设计的诚恳，设计的具体价值和长远意义都难以实现。在我看来缺乏理解是合作中的最大障碍。设计师一旦言听计从，难免不失去自我，成为任人摆布的匠人。\r\n\r\n公司和设计师之间的双向理解能够最大程度地消解合作中的障碍，但这只是一种理想状态，现实中并不多见。尽管深入的沟通很重要，但在此之前，设计师应该冷静地观察那些想与你合作的人，判断对方是否具备理解你的诚意和资质，这样可杜绝一些无法实现的沟通，缩小合作中的疏离感。我的一点感触是，舒服的沟通常常是良好合作的前提。\r\n\r\n当然，尽管我们都希望公司和品牌方真正懂设计，保护好设计，排除破坏设计价值的负面因素，然而产业界的现实从来就不这么简单，商家要做的是想方设法卖出产品，更多地赚钱盈利，这是不可控的趋势，设计师难以驾驭。\r\n\r\n我觉得设计师只能尽量做到谨慎，做好自己该做的，不要将工作拉得太宽。然而，即便是做很有限的工作，设计师也不得不千方百计地满足对方的需求。设计师要面对的障碍实在太多，尤其是在亚洲，设计的价值还未得到充分认识，很多人仅仅把设计当作服务商业和经济的手段，而没意识到优良的设计不仅可以带来商业成功，更有助于改善人们的生活，让生存状况得到持续优化。在我看来，设计的根本动机并不在于经济发展和商业谋利，设计的本质意义是构建它与生活的亲和力，强化它对生活的改善作用。可以说，没有对生活的关注，就没有真正的赢家。\r\n\r\n但不可否认，市场是设计进入生活的主要通路，您怎样看待市场因素？\r\n我的视野中没有市场。市场对我而言过于抽象，不太真实。人们试图将一切都与市场挂钩，让买卖的好坏来决定设计的取舍，似乎市场反映的就是全部真相，这在我看来是对设计价值的削弱，极大地减少了设计的可能性。我要帮助的是那些希望过更好的平常生活的人，而不是那些必须有很多钱才觉得自己过得好的人。\r\n\r\n我更关注的是日常生活，是其中的普通人和平常物。这些人和物每天都围绕着我，与他们有关的感受是我每时每刻的体验，不需要我刻意地学习和研究。这是一种很自在的观察状态，我的心灵和肌体可以轻易地融入其中。当我的大脑专注于设计创意时，我的肢体总在日常生活中摸索最好的设计构成。这种状态中，设计师需要将他的自我分成两半，一半潜入日常生活，另一半做出冷静贴切的观察。\r\n\r\n在我看来，为日常生活而作的设计必须基于自然而然的生活体悟。真正为生活而做的设计，能够自然而然地顺应人们的习惯、喜好和需求，并随之发展和改良，不需要去刻意地比较和阐释，也不需要去固守和保值。\r\n\r\n我的着眼点是生活中的人，是他们的一举一动。虽然各地的文化、历史和风俗是设计必须考虑的元素，但更重要的是我们作为人的共通性，尤其是人的身心的共同点。尽管视觉效果可以迅速引起人们的兴趣，但设计远不只是视觉，而更多的涉及人的感受，设计师有必要去激活人们的各种感官，让人们感受到更多快乐。然而市场总是一味强调起效快的视觉，以至于很多设计远离了生活的真意。当设计基于人在多个生活层面上的相似性时，它才可能以微小的形态引发大的社会变化，才能在不同语境中更好地产生综合价值。\r\n\r\n有影响力的设计师，大多占据了商业决策的高点，这在您身上是如何体现的？\r\n设计一张椅子，或者一组家具，都是设计很简单的一面，尽管这种工作我做的很多，但我做的更多的是将生活中的问题视觉化，并且为解决这些问题提供基于设计的方案和咨询。生活中，人们经常谈论问题，知道问题的存在，但难以清楚地看到问题的面貌。设计师应该利用自己的优势，将问题以视觉形式直观地呈现出来，促使人们对危机和不良现象做出更有效的反应，从而产生更强烈的解决问题、改变状况的心愿。\r\n\r\n在这种意义上，设计师可以有效地影响决策者，成为他们不可或缺的智力支持。但是，设计师并不直接给出建议，而是以鲜明的视觉形式呈现问题，为决策者提供多种基于问题的体验，从而激起他们的问题意识和变革之心。在无印良品，设计师的很多工作就是让决策者清楚地看到与日常生活相关的大大小小的问题，体验到这些问题的解决办法，以及随之而来的好处。这样一来，决策者就能够很快地拍板设计方案，使它迅速进入制造、生产和上架等环节，时间周期有时短至一个月还不到。呈现问题，使问题得到快速解决，这是设计可以产生的巨大力量。\r\n\r\n然而，对于复杂的综合性问题，设计师所能做的十分有限，不免产生畏难和退缩之心。此时，他不妨选择一个很小的切入点，这个点就像开关一样，连接着问题的各个方面。例如资源问题，从大的方面看，在设计师的能力范围之外，但是如果我们从日常生活用品入手，设计出人们乐于去拥有、爱护和长期使用的东西，这其实就等于节省了消耗。\r\n\r\n另一个例子是我为“B&amp;B Italia”设计的家具。这种设计的内核是微小的，但它的风味却十分强烈，它的各种设计元素组合在一起足以影响很多人的生活选择。无印良品也是如此。无论与哪个公司合作，我的设计始终都是为人而做，而不是单纯为品牌而做。只有这样，我才能用我的设计元素调出符合品牌需求的风味。\r\n\r\n设计介入商业决策的最大难点在哪里？如何解决？\r\n设计最难的部分是如何让客户清楚看到他们心中的问题，将他们感觉中的若有所失的内容呈现出来。我会首先认真地听取合作者对于问题的陈述，弄清楚为何他们找到了问题却无法给予解决。根据他们的陈述，我提出5个左右的关键词，用很精炼地视觉形式呈现给他们看，以此分析他们的问题，点明我的判断和建议，形成解决方案的基本要素。\r\n\r\n这些要素通常涉及理念、技术以及设计师的资质，但最根本的是一个公司或者品牌的价值内核。此外，我还试图找出问题之中隐蔽的元素，考究那些被轻视甚至忽视的环节，很多时候会因此得出与众不同的看法。例如，一些与我合作过的欧洲公司，他们找到我是因为他们总感觉自己的产品缺失了些什么。对此，我给出的解决方', '27,28', '', 76, 77, 1, 1, '123.119.250.55', 1379863259, 1379863259, 0, NULL, 31, 11, 1);

-- --------------------------------------------------------

--
-- 表的结构 `dy_comment`
--

CREATE TABLE IF NOT EXISTS `dy_comment` (
  `id` int(11) unsigned NOT NULL AUTO_INCREMENT COMMENT '评论id',
  `userName` varchar(60) NOT NULL COMMENT '评论者昵称',
  `userId` int(11) unsigned NOT NULL DEFAULT '0' COMMENT '评论者ID',
  `email` varchar(100) NOT NULL COMMENT '评论者邮箱',
  `url` varchar(200) NOT NULL COMMENT '留言人主页',
  `ip` varchar(40) NOT NULL COMMENT '评论ip',
  `content` varchar(1000) NOT NULL COMMENT '评论内容',
  `createTime` int(11) unsigned NOT NULL COMMENT '提交时间',
  `updateTime` int(11) unsigned NOT NULL COMMENT '修改时间',
  `type` tinyint(2) unsigned NOT NULL DEFAULT '0' COMMENT '评论类型',
  `fromId` int(11) unsigned NOT NULL DEFAULT '0' COMMENT '评论来自哪里',
  `pid` smallint(6) unsigned NOT NULL COMMENT '评论套窃继承',
  `isTop` tinyint(1) unsigned NOT NULL DEFAULT '0' COMMENT '是否置顶',
  `sort` smallint(6) unsigned NOT NULL COMMENT '排序',
  `status` tinyint(1) unsigned NOT NULL DEFAULT '0' COMMENT '是否显示',
  PRIMARY KEY (`id`)
) ENGINE=MyISAM  DEFAULT CHARSET=utf8 AUTO_INCREMENT=85 ;

--
-- 转存表中的数据 `dy_comment`
--

INSERT INTO `dy_comment` (`id`, `userName`, `userId`, `email`, `url`, `ip`, `content`, `createTime`, `updateTime`, `type`, `fromId`, `pid`, `isTop`, `sort`, `status`) VALUES
(1, '管理员', 1, '614422099@qq.com', '', '127.0.0.1', '来自管理员的第一篇评论，祝福Xy Blog。', 1369225534, 1369225534, 3, 1, 0, 0, 0, 1),
(2, '管理员', 1, '614422099@qq.com', '', '127.0.0.1', '<p>来自管理员的第一个评论。</p><p>祝愿XyBlog，越走越远。<br /></p>', 1369225704, 1369225704, 1, 0, 0, 0, 0, 1),
(3, 'ibrahim', 0, 'ibrahim.steed@gmail.com', '', '218.205.192.49', '<p>XYBlog能否支持手机版本？</p>', 1369232425, 1369232425, 1, 0, 0, 0, 0, 1),
(4, 'hello word', 0, 'dd@dd.dd', '', '203.156.208.58', '呵呵', 1369286520, 1369286520, 3, 2, 0, 0, 0, 1),
(5, 'Cansnow', 0, '261001642@qq.com', '', '14.20.101.143', '<p>怎么早不出现?,我昨晚刚刚发布了我的博客界面出来给大家看..</p><p> 早知道你做了,我就不做了嘛..</p><p><br /></p>', 1369358110, 1369358110, 1, 0, 0, 0, 0, 1),
(6, 'Cansnow', 2, '261001642@qq.com', '', '14.20.101.143', '<p>遗憾的是后台的功能好少,不知道是不是你没开发<br /></p>', 1369358292, 1369358292, 1, 0, 0, 0, 0, 1),
(7, '管理员', 1, '614422099@qq.com', '', '61.163.196.24', '<p>肯定会的，只不过要电脑板的功能先完善了。打算用 jq mobile<br /></p>', 1369439771, 1369500400, 1, 0, 3, 0, 0, 1),
(8, '管理员', 1, '614422099@qq.com', '', '61.163.196.24', '<p>才做没几天嘛，二期后台部分也有在调试。配置部分，和附件部分已经在做了，不过还没优化，等下一步该他们俩了。是要一电脑做嘛，今天中午刚把邮件通知搞定，你应该收到邮件了的。<br /></p>', 1369441821, 1369500522, 1, 0, 6, 0, 0, 1),
(9, '管理员', 1, '614422099@qq.com', '', '61.163.196.24', '你的地址多少啊？学习下。', 1369448155, 1369448155, 1, 0, 5, 0, 0, 1),
(10, '管理员', 1, 'admin@dingxiaoyu.com', '', '127.0.0.1', '测试评论审核，审核已关', 1369497107, 1369497107, 1, 0, 0, 0, 0, 1),
(11, '管理员', 1, 'admin@dingxiaoyu.com', '', '127.0.0.1', '测试设置缓存', 1369499009, 1369499009, 1, 0, 0, 0, 0, 1),
(12, '管理员', 1, '614422099@qq.com', '', '61.163.196.24', '测试邮箱验证问题是否修复', 1369553573, 1369553573, 1, 0, 0, 0, 0, 1),
(13, '管理员', 1, '614422099@qq.com', '', '61.163.196.24', '多谢提醒，邮箱验证为空问题已修复。\r\n非常欢迎你加入这个博客的开发，我放在sae上了，详细可以加我QQ，细聊。', 1369553707, 1369553707, 1, 0, 5, 0, 0, 1),
(14, 'ibrahim', 0, 'ibrahim.steed@gmail.com', '', '218.205.192.48', '加油考试', 1369735249, 1369735249, 3, 6, 0, 0, 0, 1),
(15, '管理员', 1, '614422099@qq.com', '', '61.163.196.24', '测试邮件通知', 1369740549, 1369740549, 3, 4, 0, 0, 0, 1),
(16, 'm', 0, 'm@m.com', '', '58.254.0.10', '好厉害。好年青，继续努力学习，不要荒废了', 1369818078, 1369818078, 1, 0, 0, 0, 0, 1),
(17, 'xifan', 0, 'kaaa888@163.com', '', '114.249.214.126', '感觉跟 tp 官网很像...', 1369993982, 1369993982, 1, 0, 0, 0, 0, 1),
(18, '管理员', 1, '614422099@qq.com', '', '61.163.196.24', '看右下角', 1370051666, 1370051666, 1, 0, 0, 0, 0, 1),
(19, '管理员', 1, '614422099@qq.com', '', '61.163.196.24', '看右下角', 1370051699, 1370051699, 1, 0, 17, 0, 0, 1),
(20, 'ibrahim', 1, '614422099@qq.com', '', '218.205.192.49', '附件呢？', 1375414730, 1375414730, 1, 11, 0, 0, 0, 1),
(21, '管理员', 1, '614422099@qq.com', '', '171.9.52.134', '这里测试评论', 1375722916, 1375722916, 0, 12, 0, 0, 0, 1),
(22, 'ibrahim', 8, 'ibrahim.steed@gmail.com', '', '218.205.192.48', '下面昵称和邮箱的显示格式有问题。', 1375783806, 1375783806, 1, 15, 0, 0, 0, 1),
(23, '管理员', 1, '614422099@qq.com', '', '123.119.232.239', '很好看', 1376173215, 1376173215, 1, 20, 0, 0, 0, 1),
(24, '伊❤ibrahim', 8, 'ibrahim.steed@gmail.com', '', '218.205.192.48', '评论部分的问题解决了', 1376464980, 1376464980, 1, 20, 0, 0, 0, 1),
(25, '伊❤ibrahim', 8, 'ibrahim.steed@gmail.com', '', '218.205.192.48', 'yes!', 1376464995, 1376464995, 1, 20, 23, 0, 0, 1),
(26, '伊❤ibrahim', 8, 'ibrahim.steed@gmail.com', '', '218.205.192.48', 'really?', 1376465016, 1376465016, 1, 20, 23, 0, 0, 1),
(27, '伊❤ibrahim', 8, 'ibrahim.steed@gmail.com', '', '218.205.192.48', '刚测出一个问题， 回复评论的时候会把其他人之前的评论内容更新掉\r\n', 1376465118, 1376465118, 1, 20, 0, 0, 0, 1),
(28, '伊❤ibrahim', 8, 'ibrahim.steed@gmail.com', '', '218.205.192.48', '回复评论的时候会把其他人之前的评论内容更新掉\r\n', 1376465142, 1376465142, 1, 20, 23, 0, 0, 1),
(29, '小雨', 0, '614453@qq.com', '', '171.9.116.216', '我来看看你的评论怎么了', 1376465888, 1376465888, 1, 20, 24, 0, 0, 1),
(30, '对对对', 0, '55663@qq.com', '', '171.9.116.216', '我来看你看你的评论怎么了', 1376465923, 1376465923, 1, 20, 27, 0, 0, 1),
(31, '你是？', 0, '8894@qq.com', '', '171.9.116.216', '真的坏了啊？', 1376465953, 1376465953, 1, 20, 0, 0, 0, 1),
(32, '测试', 0, '614422099@qq.com', '', '171.9.116.216', '真的有问题啊？', 1376466086, 1376466086, 1, 20, 0, 0, 0, 1),
(33, '测试', 0, '778488@qq.com', '', '171.9.116.216', '我看看到底怎么了？', 1376466154, 1376466154, 1, 20, 0, 0, 0, 1),
(34, '真的吗', 0, '6655554@qq.com', '', '171.9.116.216', '二级测试看看，好像有问题', 1376466245, 1376466245, 1, 20, 32, 0, 0, 1),
(35, '管理员', 0, '677884@qq.com', '', '171.9.116.216', '好像是js的问题，我在本机上再调试看看，客户端发送的数据没有问题。', 1376466320, 1376466320, 1, 20, 0, 0, 0, 1),
(36, 'ibrahim', 0, 'ibrahim@gmail.com', '', '218.205.192.48', '好的', 1376470919, 1376470919, 1, 20, 35, 0, 0, 1),
(37, 'ibrahim', 0, 'ibrahim@gmail.com', '', '218.205.192.48', '赞一个', 1376470971, 1376470971, 0, 12, 21, 0, 0, 1),
(38, 'steed', 0, 'steed@gmail.com', '', '218.205.192.48', '测试一下', 1376480373, 1376480373, 1, 20, 33, 0, 0, 1),
(39, 'st', 0, 'st@gmail.com', '', '218.205.192.53', '真的有问题吗？', 1376531533, 1376531533, 1, 20, 33, 0, 0, 1),
(40, 'stt', 0, 'stt@stt.com', '', '218.205.192.53', '是的', 1376531821, 1376531821, 1, 20, 0, 0, 0, 1),
(41, 'ff', 0, 'ff@ff.com', '', '218.205.192.49', '嗯', 1376620340, 1376620340, 1, 20, 40, 0, 0, 1),
(42, 'tr', 0, 'tr@tr.com', '', '218.205.192.49', '这里的昵称和邮箱的格式调好了', 1376637915, 1376637915, 0, 12, 0, 0, 0, 1),
(43, 'tt', 0, 'tt@tt.com', '', '218.205.192.49', '真的吗', 1376637936, 1376637936, 0, 12, 42, 0, 0, 1),
(44, 'ttm', 0, 'ttm@ttm.com', '', '218.205.192.48', '今天来测试一下', 1376712256, 1376712256, 1, 20, 40, 0, 0, 1),
(45, 'mm', 0, 'mm@mm.com', '', '218.205.192.48', '回复 @ff : 今天测测', 1376712376, 1376712376, 1, 20, 40, 0, 0, 1),
(46, 'yy', 0, 'yy@yy.com', '', '218.205.192.48', '回复 @ibrahim : 呵呵', 1376712461, 1376712461, 0, 12, 0, 0, 0, 1),
(47, 'yu', 0, 'yu@yu.com', '', '218.205.192.48', '回复 @tt : 是的', 1376712495, 1376712495, 0, 12, 42, 0, 0, 1),
(48, 'but', 0, 'but@gmail.com', '', '218.205.192.48', '回复 @ibrahim : 对ibrahim：赞一个的回复，我们的名字叫but', 1376712566, 1376712566, 0, 12, 21, 0, 0, 1),
(49, 'mg', 0, 'mg@mg.com', '', '218.205.192.48', '回复 @steed : re:steed2013-08-14 19:39:33 ,我的名字mg', 1376742791, 1376742791, 1, 20, 33, 0, 0, 1),
(50, 'nh', 0, 'nh@nh.com', '', '218.205.192.48', '回复 @yu : re: yu2013-08-17 12:08:15, my name: nh', 1376742886, 1376742886, 0, 12, 42, 0, 0, 1),
(51, '测试呢', 0, 'efafd@qdsv.vvv', '', '171.9.79.111', '再次测试二级评论，这里其实是一级', 1376752042, 1376752042, 1, 20, 0, 0, 0, 1),
(52, '测试呢', 0, 'sfdadd@ss.ddfs', '', '171.9.79.111', '这里是二级评论', 1376752098, 1376752098, 1, 20, 51, 0, 0, 1),
(53, '测试', 0, 'ddff@dd.dd', '', '171.9.79.111', 'erji 又出问题了？？', 1376752181, 1376752181, 1, 20, 51, 0, 0, 1),
(54, '到底', 0, 'ddee@qqq.ccc', '', '171.9.79.111', '回复 @真的吗 : 到底是不是真的有问题', 1376753357, 1376753357, 1, 20, 32, 0, 0, 1),
(55, '测试', 0, '66677@qq.com', '', '171.9.79.111', '回复管理员二级', 1376756251, 1376756251, 1, 20, 23, 0, 0, 1),
(56, '小雨', 0, 'ceshi@qq.com', '', '171.9.79.111', '测试文档二级，这里是一级', 1376756647, 1376756647, 0, 16, 0, 0, 0, 1),
(57, '小雨', 0, 'ceshi@qq.com', '', '171.9.79.111', '这里用来测试二级了', 1376756678, 1376756678, 0, 16, 56, 0, 0, 1),
(58, '小雨', 0, 'ceshi@qq.com', '', '171.9.79.111', '回复 @小雨 : 这里还是二级', 1376756707, 1376756707, 0, 16, 56, 0, 0, 1),
(59, '小雨', 0, 'ceshi@qq.com', '', '171.9.79.111', '测试二级排序', 1376756893, 1376756893, 0, 16, 0, 0, 0, 1),
(60, 'wcc', 0, 'wcc@wcc.com', '', '123.122.0.190', 'RE: 管理员2013-08-14 15:45:20,my name wcc', 1376795553, 1376795553, 1, 20, 35, 0, 0, 1),
(61, 'zdm', 0, 'zdm@zdm.com', '', '123.122.0.190', 'Re 伊❤ibrahim2013-08-14 15:23:00\r\n评论部分的问题解决了 my name:zdm', 1376795613, 1376795613, 1, 20, 24, 0, 0, 1),
(62, 'SD', 0, 'SD@sd.com', '', '218.205.192.48', '你是？2013-08-14 15:39:13\r\n真的坏了啊？', 1376878761, 1376878761, 1, 20, 31, 0, 0, 1),
(63, 'mg', 0, 'mg@mg.com', '', '218.205.192.48', '回复 @测试呢 : 测试呢2013-08-17 23:08:18\r\n这里是二级评论', 1376883665, 1376883665, 1, 20, 51, 0, 0, 1),
(64, 'hf', 0, 'hf@mail.com', '', '218.205.192.48', 'stt2013-08-15 09:57:01\r\n是的  my name : hf', 1376883690, 1376883690, 1, 20, 40, 0, 0, 1),
(65, 'yx', 0, 'yx@yx.com', '', '218.205.192.48', '回复测试呢2013-08-17 23:07:22\r\n再次测试二级评论，这里其实是一级  my name : yx', 1376883771, 1376883771, 1, 20, 51, 0, 0, 1),
(66, 'hh', 0, 'hh@mgail.com', '', '218.205.192.48', 'yy2013-08-17 12:07:41\r\n回复 @ibrahim : 呵呵', 1376883873, 1376883873, 0, 12, 46, 0, 0, 1),
(67, '伊❤ibrahim', 8, 'ibrahim.steed@gmail.com', '', '218.205.192.48', '欢迎来踩踩', 1376957245, 1376957245, 1, 22, 0, 0, 0, 1),
(68, '伊❤ibrahim', 8, 'ibrahim.steed@gmail.com', '', '218.205.192.48', '自顶一个', 1376957266, 1376957266, 1, 22, 67, 0, 0, 1),
(69, 'hf', 0, 'hf@hf.com', '', '218.205.192.48', '回复 @伊❤ibrahim : 伊❤ibrahim2013-08-20 08:07:46\r\n自顶一个 my name:hf', 1376957305, 1376957305, 1, 22, 67, 0, 0, 1),
(70, 'hf2', 0, 'hf2@hf.com', '', '218.205.192.48', 'RE: 伊❤ibrahim2013-08-20 08:07:25\r\n欢迎来踩踩 my name hf2', 1376957348, 1376957348, 1, 22, 67, 0, 0, 1),
(71, 'wy', 0, 'wy@wy.com', '', '218.205.192.48', '我也来说两句', 1376957383, 1376957383, 1, 22, 0, 0, 0, 1),
(72, 'zd', 0, 'zd@zd.com', '', '218.205.192.48', '置顶', 1376957406, 1376957406, 1, 22, 71, 0, 0, 1),
(73, 'kz', 0, 'kz@kz.com', '', '218.205.192.48', '狂赞', 1376957960, 1376957960, 0, 23, 0, 0, 0, 1),
(74, 'kz2', 0, 'kz2@kz.com', '', '218.205.192.48', 'RE:\r\n回复kz2013-08-20 08:19:20\r\n狂赞', 1376957985, 1376957985, 0, 23, 73, 0, 0, 1),
(75, 'kz0', 0, 'kz0@kz.com', '', '218.205.192.48', '踩踩', 1376958012, 1376958012, 0, 23, 0, 0, 0, 1),
(76, '伊❤ibrahim', 8, 'ibrahim.steed@gmail.com', '', '218.205.192.48', '下载附件的地方在哪里？', 1376958536, 1376958536, 0, 24, 0, 0, 0, 1),
(77, '伊❤ibrahim', 8, 'ibrahim.steed@gmail.com', '', '218.205.192.48', '不知道呀', 1376958547, 1376958547, 0, 24, 76, 0, 0, 1),
(78, '伊❤ibrahim', 8, 'ibrahim.steed@gmail.com', '', '218.205.192.48', '你知道吗？', 1376958559, 1376958559, 0, 24, 0, 0, 0, 1),
(79, '伊❤ibrahim', 8, 'ibrahim.steed@gmail.com', '', '218.205.192.48', '嗯', 1376958581, 1376958581, 0, 24, 76, 0, 0, 1),
(80, '伊❤ibrahim', 8, 'ibrahim.steed@gmail.com', '', '218.205.192.48', '好的', 1376958591, 1376958591, 0, 24, 0, 0, 0, 1),
(81, '伊❤ibrahim', 8, 'ibrahim.steed@gmail.com', '', '218.205.192.48', '回复 @伊❤ibrahim : 真的不知道？', 1376958604, 1376958604, 0, 24, 76, 0, 0, 1),
(82, '豆豆', 0, '410804145@qq.com', '', '125.113.155.65', '串个门，留个链接哈，www.doudou52.com', 1377525242, 1377525242, 1, 15, 0, 0, 0, 1),
(83, 'steed', 0, 'steed@qq.com', '', '218.205.192.49', '微软 Xbox One 产品规划总监 Albert Penello 否认了这款项目的产品化，因为成本太高。', 1378123084, 1378123084, 1, 29, 0, 0, 0, 1),
(84, 'metro', 0, 'metro@ms.com', '', '218.205.192.49', 'yes', 1378123108, 1378123108, 1, 29, 83, 0, 0, 1);

-- --------------------------------------------------------

--
-- 表的结构 `dy_config`
--

CREATE TABLE IF NOT EXISTS `dy_config` (
  `id` int(11) unsigned NOT NULL AUTO_INCREMENT COMMENT '功能设置id',
  `name` varchar(64) NOT NULL COMMENT '功能名称',
  `value` varchar(64) NOT NULL COMMENT '功能设置',
  `remark` varchar(255) NOT NULL COMMENT '备注',
  `type` tinyint(2) unsigned NOT NULL DEFAULT '0' COMMENT '配置分类',
  `group` tinyint(2) unsigned NOT NULL DEFAULT '0' COMMENT '配置分组',
  `status` tinyint(1) unsigned NOT NULL COMMENT '启用',
  `update_time` int(11) unsigned NOT NULL COMMENT '最后修改时间',
  PRIMARY KEY (`id`)
) ENGINE=MyISAM  DEFAULT CHARSET=utf8 AUTO_INCREMENT=20 ;

--
-- 转存表中的数据 `dy_config`
--

INSERT INTO `dy_config` (`id`, `name`, `value`, `remark`, `type`, `group`, `status`, `update_time`) VALUES
(1, 'blogName', 'Xy Blog', '博客名称，将显示在浏览器窗口标题等位置', 2, 1, 1, 0),
(2, 'blogDescription', '小雨的第一个开源博客', '博客描述，对博客进行描述，有利于搜索引擎收录', 2, 1, 1, 0),
(3, 'adminEmail', '614422099@qq.com', '管理员邮箱', 2, 1, 1, 0),
(4, 'commentAudit', '0', '评论审核，0关闭，1开启', 2, 1, 1, 0),
(5, 'commentEmailInform', '1', '评论邮箱通知，1开启，0关闭', 2, 1, 1, 0),
(6, 'blogKeywords', 'Xy Blog', '博客关键词，有利于搜索引擎收录', 2, 1, 1, 0),
(7, 'blogStatus', '1', '暂时将站点关闭，其他人无法访问，但不影响后台访问（1开启，0关闭）', 2, 1, 1, 0),
(8, 'blogCloseMsg', '博客升级中，请稍后重试。', '站点关闭时出现的提示信息', 2, 1, 1, 0),
(9, 'statCode', '', '第三方统计代码', 2, 1, 1, 0),
(10, 'email_smtpHost', 'smtp.exmail.qq.com', '邮箱配置  SMTP服务器', 1, 2, 1, 0),
(11, 'email_smtpPort', '25', '邮箱配置  SMTP服务器端口', 1, 2, 1, 0),
(12, 'eamil_smtpUser', 'xyblog@dingxiaoyu.com', '邮箱配置  SMTP服务器用户名', 1, 2, 1, 0),
(13, 'email_smtpPass', 'qq614422099', '邮箱配置  SMTP服务器密码', 1, 2, 1, 1),
(14, 'email_fromEmail', 'xyblog@dingxiaoyu.com', '邮箱配置  发件人EMAIL', 1, 2, 1, 0),
(15, 'email_fromName', 'Xy Blog', '邮箱配置  发件人名称', 1, 2, 1, 0),
(16, 'email_replyEmail', '614422099@qq.com', '邮箱配置  回复EMAIL（留空则为发件人EMAIL）', 1, 2, 1, 0),
(17, 'email_replyName', '小雨', '邮箱配置  回复名称（留空则为发件人名称）', 1, 2, 1, 0),
(18, 'adminQq', '614422099', '管理员QQ', 2, 1, 1, 0),
(19, 'userAudit', '1', '是否开启用户审核', 2, 1, 1, 0);

-- --------------------------------------------------------

--
-- 表的结构 `dy_group`
--

CREATE TABLE IF NOT EXISTS `dy_group` (
  `id` int(11) NOT NULL AUTO_INCREMENT COMMENT '分组id',
  `title` varchar(64) NOT NULL COMMENT '分组名',
  `type` tinyint(2) unsigned NOT NULL COMMENT '分组分类',
  `createTime` int(11) unsigned NOT NULL COMMENT '创建时间',
  `updateTime` int(11) unsigned NOT NULL COMMENT '最后使用时间',
  `status` tinyint(1) NOT NULL COMMENT '状态',
  `sort` smallint(6) unsigned DEFAULT NULL COMMENT '排序',
  `remark` varchar(100) NOT NULL COMMENT '备注',
  PRIMARY KEY (`id`)
) ENGINE=MyISAM  DEFAULT CHARSET=utf8 COMMENT='分组表' AUTO_INCREMENT=20 ;

--
-- 转存表中的数据 `dy_group`
--

INSERT INTO `dy_group` (`id`, `title`, `type`, `createTime`, `updateTime`, `status`, `sort`, `remark`) VALUES
(1, '博客分组1', 1, 0, 1376123606, 0, NULL, '内容：博客分组1'),
(2, '博客分组2', 1, 0, 1376123622, 1, NULL, '内容：博客分组2'),
(3, '文档分组1', 2, 0, 1376123718, 0, NULL, '内容：文档分组1'),
(4, '项目分组1', 3, 0, 1376123823, 1, NULL, '内容：项目分组1'),
(12, '博客分组3', 1, 1376123649, 1376123649, 1, NULL, '内容：博客分组3'),
(13, '博客分组4', 1, 1376123679, 1376123679, 1, NULL, '内容：博客分组4'),
(14, '文档分组2', 2, 1376123736, 1376123736, 1, NULL, '内容：文档分组2'),
(15, '文档分组3', 2, 1376123749, 1376123749, 1, NULL, '内容：文档分组3'),
(16, '文档分组4', 2, 1376123799, 1376123799, 1, NULL, '内容：文档分组4'),
(17, '项目分组2', 3, 1376123835, 1376123835, 0, NULL, '内容：项目分组2'),
(18, '项目分组3', 3, 1376123913, 1376123913, 1, NULL, '内容：项目分组3');

-- --------------------------------------------------------

--
-- 表的结构 `dy_link`
--

CREATE TABLE IF NOT EXISTS `dy_link` (
  `id` int(11) unsigned NOT NULL COMMENT 'id',
  `title` varchar(80) NOT NULL COMMENT '链接标题',
  `url` varchar(200) NOT NULL COMMENT '链接url',
  `img` varchar(200) NOT NULL COMMENT '图片链接',
  `target` varchar(25) NOT NULL COMMENT '打开方式',
  `description` varchar(255) NOT NULL COMMENT '描述',
  `type` tinyint(2) unsigned NOT NULL DEFAULT '0' COMMENT '链接类型',
  `sort` int(11) unsigned NOT NULL COMMENT '排序',
  `status` tinyint(1) unsigned NOT NULL DEFAULT '1' COMMENT '是否启用',
  `updateTime` int(11) unsigned NOT NULL DEFAULT '0' COMMENT '更新时间',
  `createTime` int(11) unsigned NOT NULL DEFAULT '0' COMMENT '添加时间'
) ENGINE=MyISAM DEFAULT CHARSET=utf8 COMMENT='链接表';

--
-- 转存表中的数据 `dy_link`
--


-- --------------------------------------------------------

--
-- 表的结构 `dy_menu`
--

CREATE TABLE IF NOT EXISTS `dy_menu` (
  `id` smallint(3) unsigned NOT NULL AUTO_INCREMENT,
  `name` varchar(25) NOT NULL,
  `group` varchar(20) NOT NULL COMMENT '分组名',
  `model` varchar(20) NOT NULL COMMENT '模块名',
  `action` varchar(20) NOT NULL COMMENT '方法名',
  `title` varchar(50) NOT NULL,
  `createTime` int(11) unsigned NOT NULL COMMENT '发布时间',
  `updateTime` int(11) unsigned NOT NULL DEFAULT '0' COMMENT '更新时间',
  `status` tinyint(1) unsigned NOT NULL DEFAULT '0',
  `sort` smallint(3) unsigned NOT NULL DEFAULT '0' COMMENT '排序',
  `show` tinyint(1) unsigned NOT NULL DEFAULT '0',
  `type` tinyint(1) NOT NULL DEFAULT '0' COMMENT '导航类型',
  `remark` varchar(255) DEFAULT NULL,
  PRIMARY KEY (`id`)
) ENGINE=MyISAM  DEFAULT CHARSET=utf8 AUTO_INCREMENT=10 ;

--
-- 转存表中的数据 `dy_menu`
--

INSERT INTO `dy_menu` (`id`, `name`, `group`, `model`, `action`, `title`, `createTime`, `updateTime`, `status`, `sort`, `show`, `type`, `remark`) VALUES
(1, 'Blog', 'Admin', 'Blog', '', '博文管理', 0, 0, 1, 1, 0, 1, '后台'),
(2, 'blog', 'Home', 'Blog', 'index', '博文', 0, 0, 1, 1, 0, 2, '首页导航'),
(3, 'comment', 'Home', 'Comment', 'index', '留言', 0, 0, 0, 4, 0, 2, '留言'),
(4, 'comment', 'Admin', 'Comment', 'index', '评论管理', 0, 0, 1, 2, 0, 1, '后台留言管理'),
(5, 'Seting', 'Admin', 'Seting', 'index', '博客配置', 0, 0, 1, 5, 0, 1, '后台导航'),
(6, 'Share', 'Home', 'Share', 'index', '文档', 0, 0, 1, 2, 0, 2, '首页导航'),
(7, 'Project', 'Home', 'Project', 'index', '项目', 0, 0, 1, 3, 0, 2, '2首页导航'),
(8, 'User', 'Admin', 'User', 'index', '用户管理', 0, 0, 1, 4, 0, 1, '后台用户管理'),
(9, 'Group', 'Admin', 'Group', 'index', '分组管理', 0, 0, 1, 3, 0, 1, '后台分组管理');

-- --------------------------------------------------------

--
-- 表的结构 `dy_node`
--

CREATE TABLE IF NOT EXISTS `dy_node` (
  `id` smallint(6) unsigned NOT NULL AUTO_INCREMENT COMMENT '节点id',
  `name` varchar(20) NOT NULL COMMENT '节点名',
  `title` varchar(50) DEFAULT NULL COMMENT '节点标题',
  `status` tinyint(1) DEFAULT '0' COMMENT '启用',
  `remark` varchar(255) DEFAULT NULL COMMENT '备注',
  `sort` smallint(6) unsigned DEFAULT NULL,
  `pid` smallint(6) unsigned NOT NULL COMMENT 'pid',
  `level` tinyint(1) unsigned NOT NULL COMMENT '节点权限',
  `group_id` tinyint(3) unsigned DEFAULT '0' COMMENT '分组id',
  PRIMARY KEY (`id`),
  KEY `level` (`level`),
  KEY `pid` (`pid`),
  KEY `status` (`status`),
  KEY `name` (`name`)
) ENGINE=MyISAM  DEFAULT CHARSET=utf8 COMMENT='节点表' AUTO_INCREMENT=109 ;

--
-- 转存表中的数据 `dy_node`
--

INSERT INTO `dy_node` (`id`, `name`, `title`, `status`, `remark`, `sort`, `pid`, `level`, `group_id`) VALUES
(51, 'foreverdelete', '删除文档评论', 1, NULL, NULL, 8, 3, 0),
(50, 'resume', '启用文档评论', 1, NULL, NULL, 8, 3, 0),
(49, 'forbid', '禁用文档评论', 1, NULL, NULL, 8, 3, 0),
(48, 'update', '更新文档评论', 1, NULL, NULL, 8, 3, 0),
(47, 'edit', '编辑文档评论', 1, NULL, NULL, 8, 3, 0),
(46, 'index', '文档评论列表', 1, NULL, NULL, 8, 3, 0),
(45, 'foreverdelete', '删除博客评论', 1, NULL, NULL, 7, 3, 0),
(44, 'resume', '启用博客评论', 1, NULL, NULL, 7, 3, 0),
(43, 'forbid', '禁用博客评论', 1, NULL, NULL, 7, 3, 0),
(42, 'update', '更新博客评论', 1, NULL, NULL, 7, 3, 0),
(41, 'edit', '编辑博客评论', 1, NULL, NULL, 7, 3, 0),
(40, 'index', '博客评论列表', 1, NULL, NULL, 7, 3, 0),
(39, 'foreverdelete', '删除项目', 1, NULL, NULL, 6, 3, 0),
(38, 'noTop', '取消置顶', 1, NULL, NULL, 6, 3, 0),
(37, 'isTop', '置顶项目', 1, NULL, NULL, 6, 3, 0),
(36, 'resume', '启用项目', 1, NULL, NULL, 6, 3, 0),
(35, 'forbid', '禁用项目', 1, NULL, NULL, 6, 3, 0),
(34, 'update', '更新项目', 1, NULL, NULL, 6, 3, 0),
(33, 'edit', '编辑项目', 1, NULL, NULL, 6, 3, 0),
(32, 'insert', '接收数据', 1, NULL, NULL, 6, 3, 0),
(31, 'add', '新增项目', 1, NULL, NULL, 6, 3, 0),
(30, 'index', '项目列表', 1, NULL, NULL, 6, 3, 0),
(29, 'foreverdelete', '删除文档', 1, NULL, NULL, 5, 3, 0),
(28, 'noTop', '取消置顶', 1, NULL, NULL, 5, 3, 0),
(27, 'isTop', '置顶文档', 1, NULL, NULL, 5, 3, 0),
(26, 'resume', '启用博客', 1, NULL, NULL, 5, 3, 0),
(25, 'forbid', '禁用博客', 1, NULL, NULL, 5, 3, 0),
(24, 'update', '更新文档', 1, NULL, NULL, 5, 3, 0),
(23, 'edit', '编辑文档', 1, NULL, NULL, 5, 3, 0),
(21, 'add', '添加博客', 1, NULL, NULL, 5, 3, 0),
(22, 'insert', '新增数据', 1, NULL, NULL, 5, 3, 0),
(19, 'foreverdelete', '删除博客', 1, NULL, NULL, 4, 3, 0),
(20, 'index', '文档列表', 1, NULL, NULL, 5, 3, 0),
(18, 'noTop', '取消置顶', 1, NULL, NULL, 4, 3, 0),
(17, 'isTop', '置顶博客', 1, NULL, NULL, 4, 3, 0),
(16, 'resume', '启用博客', 1, NULL, NULL, 4, 3, 0),
(15, 'forbid', '禁用博客', 1, NULL, NULL, 4, 3, 0),
(14, 'update', '更新博客', 1, NULL, NULL, 4, 3, 0),
(13, 'edit', '编辑博客', 1, NULL, NULL, 4, 3, 0),
(12, 'insert', '新增数据', 1, NULL, NULL, 4, 3, 0),
(11, 'add', '添加博客', 1, NULL, NULL, 4, 3, 0),
(10, 'index', '博客列表', 1, NULL, NULL, 4, 3, 0),
(9, 'Comproject', '项目评论', 1, NULL, 3, 1, 2, 4),
(8, 'Comshare', '文档评论', 1, NULL, 2, 1, 2, 4),
(7, 'Comblog', '博客评论', 1, NULL, 1, 1, 2, 4),
(6, 'Project', '项目管理', 1, NULL, 3, 1, 2, 1),
(5, 'Share', '文档管理', 1, NULL, 2, 1, 2, 1),
(4, 'Blog', '博客管理', 1, NULL, 1, 1, 2, 1),
(3, 'index', '管理页操作', 1, '默认操作', NULL, 2, 3, 0),
(2, 'Index', '管理首页', 1, '管理框架页', NULL, 1, 2, 0),
(1, 'Admin', '管理组', 1, '管理组', NULL, 0, 1, 0),
(52, 'index', '项目评论列表', 1, NULL, NULL, 9, 3, 0),
(53, 'edit', '编辑项目评论', 1, NULL, NULL, 9, 3, 0),
(54, 'update', '更新项目评论', 1, NULL, NULL, 9, 3, 0),
(55, 'forbid', '禁用项目评论', 1, NULL, NULL, 9, 3, 0),
(56, 'resume', '启用项目评论', 1, NULL, NULL, 9, 3, 0),
(57, 'foreverdelete', '删除项目评论', 1, NULL, NULL, 9, 3, 0),
(58, 'Seting', '网站配置', 1, NULL, 1, 1, 2, 5),
(59, 'SetEmail', '邮箱设置', 1, NULL, 2, 1, 2, 5),
(60, 'index', '设置列表', 1, NULL, NULL, 58, 3, 0),
(61, 'update', '更新配置', 1, NULL, NULL, 58, 3, 0),
(62, 'index', '邮箱设置流量', 1, NULL, NULL, 59, 3, 0),
(63, 'update', '更新邮箱设置', 1, NULL, NULL, 59, 3, 0),
(64, 'User', '用户管理', 1, NULL, 1, 1, 2, 8),
(65, 'Admin', '管理员管理', 1, NULL, 2, 1, 2, 8),
(66, 'index', '用户列表', 1, NULL, NULL, 64, 3, 0),
(67, 'add', '添加用户', 1, NULL, NULL, 64, 3, 0),
(68, 'insert', '接收添加', 1, NULL, NULL, 64, 3, 0),
(69, 'edit', '编辑用户', 1, NULL, NULL, 64, 3, 0),
(70, 'update', '更新用户', 1, NULL, NULL, 64, 3, 0),
(71, 'forbid', '禁用用户', 1, NULL, NULL, 64, 3, 0),
(72, 'resume', '启用用户', 1, NULL, NULL, 64, 3, 0),
(73, 'userDel', '删除用户', 1, NULL, NULL, 64, 3, 0),
(74, 'index', '管理员列表', 1, NULL, NULL, 65, 3, 0),
(75, 'adminAdd', '添加管理员', 1, NULL, NULL, 65, 3, 0),
(76, 'adminInsert', '添加管理员数据', 1, NULL, NULL, 65, 3, 0),
(77, 'adminDel', '删除管理员', 1, NULL, NULL, 65, 3, 0),
(78, 'adminEdit', '编辑管理员', 1, NULL, NULL, 65, 3, 0),
(79, 'adminUpData', '更新管理员', 1, NULL, NULL, 65, 3, 0),
(80, 'forbid', '禁用管理员', 1, NULL, NULL, 65, 3, 0),
(81, 'resume', '启用管理员', 1, NULL, NULL, 65, 3, 0),
(82, 'Groupblog', '博客分组', 1, NULL, 1, 1, 2, 9),
(83, 'Groupshare', '文档分组', 1, NULL, 2, 1, 2, 9),
(84, 'Groupproject', '项目分组', 1, NULL, 3, 1, 2, 9),
(85, 'index', '博客分组列表', 1, NULL, NULL, 82, 3, 0),
(86, 'groAdd', '添加博客分组', 1, NULL, NULL, 82, 3, 0),
(87, 'groInsert', '添加博客分组', 1, NULL, NULL, 82, 3, 0),
(88, 'groEdit', '添加博客分组', 1, NULL, NULL, 82, 3, 0),
(89, 'groUpdata', '添加博客分组', 1, NULL, NULL, 82, 3, 0),
(90, 'groDel', '博客分组列表', 1, NULL, NULL, 82, 3, 0),
(91, 'forbid', '博客分组列表', 1, NULL, NULL, 82, 3, 0),
(92, 'resume', '博客分组列表', 1, NULL, NULL, 82, 3, 0),
(93, 'index', '博客分组列表', 1, NULL, NULL, 83, 3, 0),
(94, 'groAdd', '添加博客分组', 1, NULL, NULL, 83, 3, 0),
(95, 'groInsert', '添加博客分组', 1, NULL, NULL, 83, 3, 0),
(96, 'groEdit', '添加博客分组', 1, NULL, NULL, 83, 3, 0),
(97, 'groUpdata', '添加博客分组', 1, NULL, NULL, 83, 3, 0),
(98, 'groDel', '博客分组列表', 1, NULL, NULL, 83, 3, 0),
(99, 'forbid', '博客分组列表', 1, NULL, NULL, 83, 3, 0),
(100, 'resume', '博客分组列表', 1, NULL, NULL, 83, 3, 0),
(101, 'index', '项目分组列表', 1, NULL, NULL, 84, 3, 0),
(102, 'groAdd', '添加项目分组', 1, NULL, NULL, 84, 3, 0),
(103, 'groInsert', '接受项目分组', 1, NULL, NULL, 84, 3, 0),
(104, 'groEdit', '编辑项目分组', 1, NULL, NULL, 84, 3, 0),
(105, 'groUpdata', '更新项目分组分组', 1, NULL, NULL, 84, 3, 0),
(106, 'groDel', '删除项目分组', 1, NULL, NULL, 84, 3, 0),
(107, 'forbid', '禁用项目分组', 1, NULL, NULL, 84, 3, 0),
(108, 'resume', '启用项目分组', 1, NULL, NULL, 84, 3, 0);

-- --------------------------------------------------------

--
-- 表的结构 `dy_role`
--

CREATE TABLE IF NOT EXISTS `dy_role` (
  `id` smallint(6) unsigned NOT NULL AUTO_INCREMENT COMMENT '角色id',
  `name` varchar(20) NOT NULL COMMENT '角色名',
  `pid` smallint(6) DEFAULT NULL COMMENT 'pid',
  `status` tinyint(1) unsigned DEFAULT NULL COMMENT '是否启用',
  `remark` varchar(255) DEFAULT NULL COMMENT '备注',
  `create_time` int(11) unsigned NOT NULL COMMENT '创建时间',
  `update_time` int(11) unsigned NOT NULL COMMENT '更新时间',
  PRIMARY KEY (`id`),
  KEY `parentId` (`pid`),
  KEY `status` (`status`)
) ENGINE=MyISAM  DEFAULT CHARSET=utf8 COMMENT='角色表' AUTO_INCREMENT=3 ;

--
-- 转存表中的数据 `dy_role`
--

INSERT INTO `dy_role` (`id`, `name`, `pid`, `status`, `remark`, `create_time`, `update_time`) VALUES
(2, 'test', 0, 1, '测试组', 0, 0),
(1, 'admin', 0, 1, '管理组', 0, 0);

-- --------------------------------------------------------

--
-- 表的结构 `dy_role_user`
--

CREATE TABLE IF NOT EXISTS `dy_role_user` (
  `role_id` mediumint(9) unsigned DEFAULT NULL COMMENT '角色id',
  `user_id` char(32) DEFAULT NULL COMMENT '用户id',
  KEY `group_id` (`role_id`),
  KEY `user_id` (`user_id`)
) ENGINE=MyISAM DEFAULT CHARSET=utf8 COMMENT='角色用户表';

--
-- 转存表中的数据 `dy_role_user`
--

INSERT INTO `dy_role_user` (`role_id`, `user_id`) VALUES
(1, '1'),
(2, '1'),
(2, '2');

-- --------------------------------------------------------

--
-- 表的结构 `dy_tag`
--

CREATE TABLE IF NOT EXISTS `dy_tag` (
  `id` int(11) unsigned NOT NULL AUTO_INCREMENT COMMENT '标签id',
  `value` varchar(64) NOT NULL COMMENT '标签的值',
  `createTime` int(11) unsigned NOT NULL COMMENT '创建的时间',
  `lastTime` int(11) NOT NULL COMMENT '最后一次使用时间',
  `status` tinyint(1) NOT NULL COMMENT '状态',
  `count` int(5) unsigned NOT NULL DEFAULT '0' COMMENT '权重',
  `remark` varchar(100) NOT NULL COMMENT '备注',
  PRIMARY KEY (`id`)
) ENGINE=MyISAM  DEFAULT CHARSET=utf8 COMMENT='标签表' AUTO_INCREMENT=29 ;

--
-- 转存表中的数据 `dy_tag`
--

INSERT INTO `dy_tag` (`id`, `value`, `createTime`, `lastTime`, `status`, `count`, `remark`) VALUES
(1, '测试', 1375722847, 1379652126, 1, 7, ''),
(2, 'PHP', 1375722847, 1378122078, 1, 3, ''),
(3, '文档', 1375724090, 1375724427, 1, 2, ''),
(4, '博客', 1375724341, 1375724341, 1, 1, ''),
(5, '附件', 1375724427, 1375724427, 1, 1, ''),
(6, '项目', 1375724581, 1375724581, 1, 1, ''),
(7, '图片', 1375724581, 1375724581, 1, 1, ''),
(8, '代码', 1376076430, 1376076430, 1, 1, ''),
(9, 'Hello', 1376141658, 1378979923, 1, 3, ''),
(10, 'world', 1376141658, 1376141739, 1, 2, ''),
(11, 'Windows', 1376173028, 1378122657, 1, 6, ''),
(12, 'dev', 1376173028, 1376173069, 1, 2, ''),
(13, '开发', 1376173028, 1376174047, 1, 4, ''),
(14, 'store', 1376173194, 1376174047, 1, 3, ''),
(15, '应用程序', 1376173194, 1376173194, 1, 1, ''),
(16, 'Metro', 1376957102, 1378122657, 1, 4, ''),
(17, '网易', 1376957869, 1376957869, 1, 1, ''),
(18, 'NasdaQ', 1376957869, 1376957869, 1, 1, ''),
(19, 'phone', 1376958409, 1377348816, 1, 2, ''),
(20, 'thinkphp', 1378122078, 1378122078, 1, 1, ''),
(21, 'IllumiRoom', 1378122875, 1379390325, 1, 2, ''),
(22, '微软', 1378122875, 1379390325, 1, 5, ''),
(23, 'surface', 1378123438, 1378124012, 1, 3, ''),
(24, 'huawei', 1378979923, 1378979923, 1, 1, ''),
(25, '身份证', 1379390523, 1379390523, 1, 1, ''),
(26, '复印', 1379390523, 1379390523, 1, 1, ''),
(27, '设计', 1379863259, 1379863259, 1, 1, ''),
(28, 'design', 1379863259, 1379863259, 1, 1, '');

-- --------------------------------------------------------

--
-- 表的结构 `dy_upload`
--

CREATE TABLE IF NOT EXISTS `dy_upload` (
  `id` int(11) NOT NULL AUTO_INCREMENT COMMENT 'ID',
  `name` varchar(255) NOT NULL COMMENT '上传文件名',
  `author` varchar(255) NOT NULL COMMENT '作者',
  `type` varchar(255) DEFAULT NULL COMMENT '文件类型',
  `size` varchar(20) NOT NULL COMMENT '文件大小',
  `extension` varchar(20) NOT NULL COMMENT '文件后缀',
  `savepath` varchar(255) NOT NULL COMMENT '保存的路径',
  `savename` varchar(255) NOT NULL COMMENT '保存的文件名',
  `module` varchar(100) NOT NULL COMMENT '上传分类',
  `recordId` int(11) NOT NULL COMMENT 'ID',
  `userId` int(11) unsigned DEFAULT NULL COMMENT '用户ID',
  `uploadTime` int(11) unsigned DEFAULT NULL COMMENT '上传时间',
  `downCount` mediumint(9) unsigned DEFAULT '0' COMMENT '下载次数',
  `hash` varchar(32) NOT NULL COMMENT '文件HASH值',
  `remark` varchar(255) DEFAULT NULL COMMENT '备注',
  `version` mediumint(6) unsigned NOT NULL DEFAULT '0' COMMENT '附件版本',
  `updateTime` int(12) unsigned DEFAULT NULL COMMENT '附件更新时间',
  `downloadTime` int(11) unsigned NOT NULL COMMENT '最后下载时间',
  `status` tinyint(1) NOT NULL COMMENT '是否启用',
  `isTop` tinyint(1) NOT NULL DEFAULT '0' COMMENT '是否置顶',
  PRIMARY KEY (`id`),
  KEY `module` (`module`),
  KEY `recordId` (`recordId`),
  KEY `userId` (`userId`)
) ENGINE=MyISAM  DEFAULT CHARSET=utf8 AUTO_INCREMENT=78 ;

--
-- 转存表中的数据 `dy_upload`
--

INSERT INTO `dy_upload` (`id`, `name`, `author`, `type`, `size`, `extension`, `savepath`, `savename`, `module`, `recordId`, `userId`, `uploadTime`, `downCount`, `hash`, `remark`, `version`, `updateTime`, `downloadTime`, `status`, `isTop`) VALUES
(1, '3.png', '', 'application/octet-stream', '245574', 'png', './Public/Uploads/', '2013-06-26/1372178718.png', '1', 0, 0, 1372178718, 0, '6344f20272722d880b402af595b33514', NULL, 1, NULL, 0, 1, 0),
(2, 'mmqrcode1368799263825.png', '管理员', 'application/octet-stream', '18041', 'png', './Public/Uploads/blogCover/', '2013-07-21/1374396013.png', '1', 0, 1, 1374396013, 0, '324c567c10f0ef39ef8d58d64ffd3768', NULL, 1, NULL, 0, 1, 0),
(3, 'web接口插件[加强版]2013.3.16.zip', '', 'application/octet-stream', '117443', 'zip', './Public/Uploads/attachment/', '2013-07-22/1374428844.zip', '1', 0, 0, 1374428844, 0, 'b3b6405dab74dd7e31ce9713be5463e6', NULL, 1, NULL, 0, 1, 0),
(4, '2013_05_25_09_18_28.jpg', '', 'application/octet-stream', '504668', 'jpg', './Public/Uploads/blogCover/', '2013-07-22/1374428897.jpg', '1', 0, 0, 1374428897, 0, '71428ca1cd6ab3ac95adcecb9066a9df', NULL, 1, NULL, 0, 1, 0),
(5, 'web接口插件[加强版]2013.3.16.zip', '', 'application/octet-stream', '117443', 'zip', './Public/Uploads/attachment/', '2013-07-22/1374428907.zip', '1', 0, 0, 1374428907, 0, 'b3b6405dab74dd7e31ce9713be5463e6', NULL, 1, NULL, 0, 1, 0),
(6, 'qq.jpg', '', 'application/octet-stream', '44807', 'jpg', './Public/Uploads/blogCover/', '2013-08-06/1375722766.jpg', '1', 0, 0, 1375722766, 0, '8af034befae28db55b0c7777f97aa2a4', NULL, 1, NULL, 0, 1, 0),
(7, 'QQ图片20130708114608.jpg', '', 'application/octet-stream', '23690', 'jpg', './Public/Uploads/editorUpload/', '2013-08-06/1375722819.jpg', '1', 0, 0, 1375722819, 0, '8d040df6a1e7d738ebba8e935b7b164d', NULL, 1, NULL, 0, 1, 0),
(8, 'LG手机串号信息查询.zip', '', 'application/octet-stream', '9223', 'zip', './Public/Uploads/attachment/', '2013-08-06/1375722844.zip', '1', 0, 0, 1375722844, 0, '9d8b9c0d7d7ec028c50d1b527f0c68cc', NULL, 1, NULL, 0, 1, 0),
(9, '应用中心截屏_2013-06-25T13-48-45.617Z.png', '', 'application/octet-stream', '119334', 'png', './Public/Uploads/editorUpload/', '2013-08-06/1375723394.png', '1', 0, 0, 1375723394, 0, 'c008cb36f6011706a3eef872b25e10b6', NULL, 1, NULL, 0, 1, 0),
(10, 'dingxiaoyu_0001.png', '', 'application/octet-stream', '35488', 'png', './Public/Uploads/blogCover/', '2013-08-06/1375723410.png', '1', 0, 0, 1375723410, 0, 'f720ddd216aea13f19755c5f5f8aebab', NULL, 1, NULL, 0, 1, 0),
(11, 'LG手机串号信息查询.zip', '', 'application/octet-stream', '9223', 'zip', './Public/Uploads/attachment/', '2013-08-06/1375724085.zip', '1', 0, 0, 1375724085, 1, '9d8b9c0d7d7ec028c50d1b527f0c68cc', NULL, 1, NULL, 0, 1, 0),
(12, 'QQ截图20120716172036.jpg', '', 'application/octet-stream', '3031', 'jpg', './Public/Uploads/editorUpload/', '2013-08-06/1375724259.jpg', '1', 0, 0, 1375724259, 0, 'cdc6c4140c4e416b06f6a4cf3c8b93f1', NULL, 1, NULL, 0, 1, 0),
(13, '2013_05_25_09_18_28.jpg', '', 'application/octet-stream', '504668', 'jpg', './Public/Uploads/blogCover/', '2013-08-06/1375724285.jpg', '1', 0, 0, 1375724285, 0, '71428ca1cd6ab3ac95adcecb9066a9df', NULL, 1, NULL, 0, 1, 0),
(14, 'LG手机串号信息查询.zip', '', 'application/octet-stream', '9223', 'zip', './Public/Uploads/attachment/', '2013-08-06/1375724328.zip', '1', 0, 0, 1375724328, 0, '9d8b9c0d7d7ec028c50d1b527f0c68cc', NULL, 1, NULL, 0, 1, 0),
(15, 'QQ图片20130708114608.jpg', '', 'application/octet-stream', '23690', 'jpg', './Public/Uploads/editorUpload/', '2013-08-06/1375724409.jpg', '1', 0, 0, 1375724409, 0, '8d040df6a1e7d738ebba8e935b7b164d', NULL, 1, NULL, 0, 1, 0),
(16, 'LG手机串号信息查询.zip', '', 'application/octet-stream', '9223', 'zip', './Public/Uploads/attachment/', '2013-08-06/1375724416.zip', '1', 0, 0, 1375724416, 1, '9d8b9c0d7d7ec028c50d1b527f0c68cc', NULL, 1, NULL, 0, 1, 0),
(17, '20120805315.jpg', '', 'application/octet-stream', '1157057', 'jpg', './Public/Uploads/blogCover/', '2013-08-06/1375724490.jpg', '1', 0, 0, 1375724490, 0, 'a5a16f365e12a497449f3cb2df29e831', NULL, 1, NULL, 0, 1, 0),
(18, 'tou.gif', '', 'application/octet-stream', '2137', 'gif', './Public/Uploads/editorUpload/', '2013-08-06/1375724505.gif', '1', 0, 0, 1375724505, 0, 'a66367024e60e434a10727bdef2758da', NULL, 1, NULL, 0, 1, 0),
(19, 'tou.gif', '', 'application/octet-stream', '2137', 'gif', './Public/Uploads/editorUpload/', '2013-08-06/1375724517.gif', '1', 0, 0, 1375724517, 0, 'a66367024e60e434a10727bdef2758da', NULL, 1, NULL, 0, 1, 0),
(20, 'LG手机串号信息查询.zip', '', 'application/octet-stream', '9223', 'zip', './Public/Uploads/attachment/', '2013-08-06/1375724558.zip', '1', 0, 0, 1375724558, 0, '9d8b9c0d7d7ec028c50d1b527f0c68cc', NULL, 1, NULL, 0, 1, 0),
(21, 'Water lilies.jpg', '管理员', 'application/octet-stream', '83794', 'jpg', './Public/Uploads/blogCover/', '2013-08-10/1376141674.jpg', '1', 0, 1, 1376141674, 0, '070cf6787aa56fbdaa1b2fd98708c34c', NULL, 1, NULL, 0, 1, 0),
(22, 'Water lilies.jpg', '管理员', 'application/octet-stream', '83794', 'jpg', './Public/Uploads/blogCover/', '2013-08-10/1376141721.jpg', '1', 0, 1, 1376141721, 0, '070cf6787aa56fbdaa1b2fd98708c34c', NULL, 1, NULL, 0, 1, 0),
(23, 'Winter.jpg', '管理员', 'application/octet-stream', '105542', 'jpg', './Public/Uploads/blogCover/', '2013-08-10/1376144003.jpg', '1', 0, 1, 1376144003, 0, 'b44a59383b3123a747d139bd0e71d2df', NULL, 1, NULL, 0, 1, 0),
(24, 'Water lilies.jpg', '管理员', 'application/octet-stream', '83794', 'jpg', './Public/Uploads/editorUpload/', '2013-08-10/1376144562.jpg', '1', 0, 1, 1376144563, 0, '070cf6787aa56fbdaa1b2fd98708c34c', NULL, 1, NULL, 0, 1, 0),
(25, 'Chrysanthemum.jpg', '管理员', 'application/octet-stream', '879394', 'jpg', './Public/Uploads/editorUpload/', '2013-08-11/1376172862.jpg', '1', 0, 1, 1376172862, 0, '076e3caed758a1c18c91a0e9cae3368f', NULL, 1, NULL, 0, 1, 0),
(26, 'Hydrangeas.jpg', '管理员', 'application/octet-stream', '595284', 'jpg', './Public/Uploads/editorUpload/', '2013-08-11/1376172877.jpg', '1', 0, 1, 1376172877, 0, 'bdf3bf1da3405725be763540d6601144', NULL, 1, NULL, 0, 1, 0),
(27, 'Lighthouse.jpg', '管理员', 'application/octet-stream', '561276', 'jpg', './Public/Uploads/blogCover/', '2013-08-11/1376172877.jpg', '1', 0, 1, 1376172877, 0, '8969288f4245120e7c3870287cce0ff3', NULL, 1, NULL, 0, 1, 0),
(28, 'Tulips.jpg', '管理员', 'application/octet-stream', '620888', 'jpg', './Public/Uploads/editorUpload/', '2013-08-11/1376172966.jpg', '1', 0, 1, 1376172966, 0, 'fafa5efeaf3cbe3b23b2748d13e629a1', NULL, 1, NULL, 0, 1, 0),
(29, 'Penguins.jpg', '管理员', 'application/octet-stream', '777835', 'jpg', './Public/Uploads/blogCover/', '2013-08-11/1376172977.jpg', '1', 0, 1, 1376172977, 0, '9d377b10ce778c4938b3c7e2c63a229a', NULL, 1, NULL, 0, 1, 0),
(30, 'Desert.jpg', '管理员', 'application/octet-stream', '845941', 'jpg', './Public/Uploads/editorUpload/', '2013-08-11/1376173137.jpg', '1', 0, 1, 1376173137, 0, 'ba45c8f60456a672e003a875e469d0eb', NULL, 1, NULL, 0, 1, 0),
(31, 'Jellyfish.jpg', '管理员', 'application/octet-stream', '775702', 'jpg', './Public/Uploads/blogCover/', '2013-08-11/1376173188.jpg', '1', 0, 1, 1376173188, 0, '5a44c7ba5bbe4ec867233d67e4806848', NULL, 1, NULL, 0, 1, 0),
(32, 'Koala.jpg', '管理员', 'application/octet-stream', '780831', 'jpg', './Public/Uploads/editorUpload/', '2013-08-11/1376173271.jpg', '1', 0, 1, 1376173271, 0, '2b04df3ecc1d94afddff082d139c6f15', NULL, 1, NULL, 0, 1, 0),
(33, 'Lighthouse.jpg', '管理员', 'application/octet-stream', '561276', 'jpg', './Public/Uploads/editorUpload/', '2013-08-11/1376173850.jpg', '1', 0, 1, 1376173850, 0, '8969288f4245120e7c3870287cce0ff3', NULL, 1, NULL, 0, 1, 0),
(34, 'Penguins.jpg', '管理员', 'application/octet-stream', '777835', 'jpg', './Public/Uploads/editorUpload/', '2013-08-11/1376173860.jpg', '1', 0, 1, 1376173860, 0, '9d377b10ce778c4938b3c7e2c63a229a', NULL, 1, NULL, 0, 1, 0),
(35, 'Lighthouse.jpg', '管理员', 'application/octet-stream', '561276', 'jpg', './Public/Uploads/editorUpload/', '2013-08-11/1376173919.jpg', '1', 0, 1, 1376173919, 0, '8969288f4245120e7c3870287cce0ff3', NULL, 1, NULL, 0, 1, 0),
(36, 'Chrysanthemum.jpg', '管理员', 'application/octet-stream', '879394', 'jpg', './Public/Uploads/editorUpload/', '2013-08-11/1376173968.jpg', '1', 0, 1, 1376173968, 0, '076e3caed758a1c18c91a0e9cae3368f', NULL, 1, NULL, 0, 1, 0),
(37, 'Hydrangeas.jpg', '管理员', 'application/octet-stream', '595284', 'jpg', './Public/Uploads/blogCover/', '2013-08-11/1376173998.jpg', '1', 0, 1, 1376173998, 0, 'bdf3bf1da3405725be763540d6601144', NULL, 1, NULL, 0, 1, 0),
(38, 'Layered.png', '伊❤ibrahim', 'application/octet-stream', '27639', 'png', './Public/Uploads/blogCover/', '2013-08-20/1376957086.png', '1', 0, 8, 1376957086, 0, '0170918a184a5f5fddb44950a164cc9d', NULL, 1, NULL, 0, 1, 0),
(39, 'mb.zip', '伊❤ibrahim', 'application/octet-stream', '8802', 'zip', './Public/Uploads/attachment/', '2013-08-20/1376957765.zip', '1', 0, 8, 1376957766, 1, '477b1e0ba01d8fded143ef63630a9962', NULL, 1, NULL, 0, 1, 0),
(40, '1.jpg', '伊❤ibrahim', 'application/octet-stream', '77057', 'jpg', './Public/Uploads/editorUpload/', '2013-08-20/1376957857.jpg', '1', 0, 8, 1376957857, 0, '26ce4c1eb753a93fcc55a84d10d79457', NULL, 1, NULL, 0, 1, 0),
(41, '2.jpg', '伊❤ibrahim', 'application/octet-stream', '72652', 'jpg', './Public/Uploads/editorUpload/', '2013-08-20/1376957866.jpg', '1', 0, 8, 1376957866, 0, '0244974293d421bd344bb6948b6e1f36', NULL, 1, NULL, 0, 1, 0),
(42, '11.jpg', '伊❤ibrahim', 'application/octet-stream', '32960', 'jpg', './Public/Uploads/editorUpload/', '2013-08-20/1376958340.jpg', '1', 0, 8, 1376958340, 0, '63ccc6070583ac1baaf905f51d0e4e18', NULL, 1, NULL, 0, 1, 0),
(43, '112.jpg', '伊❤ibrahim', 'application/octet-stream', '37873', 'jpg', './Public/Uploads/blogCover/', '2013-08-20/1376958357.jpg', '1', 0, 8, 1376958357, 0, '3ffe4c778a58edc6582244ddc1808b69', NULL, 1, NULL, 0, 1, 0),
(44, '1123.jpg', '伊❤ibrahim', 'application/octet-stream', '26995', 'jpg', './Public/Uploads/editorUpload/', '2013-08-20/1376958374.jpg', '1', 0, 8, 1376958374, 0, '60e3a006db4877fd30e3fc3fe4eaf2c8', NULL, 1, NULL, 0, 1, 0),
(45, 'mb.zip', '伊❤ibrahim', 'application/octet-stream', '8802', 'zip', './Public/Uploads/attachment/', '2013-08-20/1376958403.zip', '1', 0, 8, 1376958403, 0, '477b1e0ba01d8fded143ef63630a9962', NULL, 1, NULL, 0, 1, 0),
(46, '11.jpg', '伊❤ibrahim', 'application/octet-stream', '72405', 'jpg', './Public/Uploads/editorUpload/', '2013-08-24/1377348554.jpg', '1', 0, 8, 1377348554, 0, 'dfd661ebb776f21c407fffe9f022c724', NULL, 1, NULL, 0, 1, 0),
(47, '12.jpg', '伊❤ibrahim', 'application/octet-stream', '33770', 'jpg', './Public/Uploads/blogCover/', '2013-08-24/1377348572.jpg', '1', 0, 8, 1377348572, 0, '3c5bfe1872bac75cf7d5857d60da74c1', NULL, 1, NULL, 0, 1, 0),
(48, '桌面.rar', '伊❤ibrahim', 'application/octet-stream', '105722', 'rar', './Public/Uploads/attachment/', '2013-08-24/1377348591.rar', '1', 0, 8, 1377348591, 2, 'e9ac68649688d7592e1864eae6e50459', NULL, 1, NULL, 0, 1, 0),
(49, '13.jpg', '伊❤ibrahim', 'application/octet-stream', '22257', 'jpg', './Public/Uploads/editorUpload/', '2013-08-24/1377348677.jpg', '1', 0, 8, 1377348677, 0, '7668e45109bdff745b365fe1573b5f65', NULL, 1, NULL, 0, 1, 0),
(50, '14.jpg', '伊❤ibrahim', 'application/octet-stream', '17854', 'jpg', './Public/Uploads/editorUpload/', '2013-08-24/1377348713.jpg', '1', 0, 8, 1377348713, 0, '4b37249157ff89b7a34314371c0fc31b', NULL, 1, NULL, 0, 1, 0),
(51, '14.jpg', '伊❤ibrahim', 'application/octet-stream', '17854', 'jpg', './Public/Uploads/blogCover/', '2013-08-24/1377348777.jpg', '1', 0, 8, 1377348777, 0, '4b37249157ff89b7a34314371c0fc31b', NULL, 1, NULL, 0, 1, 0),
(52, 'metro风格.zip', '伊❤ibrahim', 'application/octet-stream', '141014', 'zip', './Public/Uploads/attachment/', '2013-08-24/1377348808.zip', '1', 0, 8, 1377348808, 2, '4a0c3fa8914c2c1152b3b48497bbfeed', NULL, 1, NULL, 0, 1, 0),
(53, '101.jpg', '伊❤ibrahim', 'application/octet-stream', '543138', 'jpg', './Public/Uploads/editorUpload/', '2013-08-24/1377349129.jpg', '1', 0, 8, 1377349129, 0, 'dea9d8626c08f1bd591bfb158bf6623a', NULL, 1, NULL, 0, 1, 0),
(54, '521aa8bd34c05.jpg', '', 'application/octet-stream', '84770', 'jpg', './Public/Uploads/editorUpload/', '2013-09-02/1378121994.jpg', '1', 0, 9, 1378121994, 0, '95eeb8252ad3fac5dd4b0bb2085760f3', NULL, 1, NULL, 0, 1, 0),
(55, '521aa8bd34c05.jpg', '', 'application/octet-stream', '84770', 'jpg', './Public/Uploads/editorUpload/', '2013-09-02/1378122022.jpg', '1', 0, 9, 1378122022, 0, '95eeb8252ad3fac5dd4b0bb2085760f3', NULL, 1, NULL, 0, 1, 0),
(56, 'WP_001166.jpg', '', 'application/octet-stream', '61990', 'jpg', './Public/Uploads/editorUpload/', '2013-09-02/1378122030.jpg', '1', 0, 9, 1378122030, 0, '386bd29a316bf82005bafde0b1ddf2e6', NULL, 1, NULL, 0, 1, 0),
(57, '521aa8bd34c05.rar', '', 'application/octet-stream', '56766', 'rar', './Public/Uploads/attachment/', '2013-09-02/1378122067.rar', '1', 0, 9, 1378122067, 1, '73fae4abea90c9561ca28922c4da3d88', NULL, 1, NULL, 0, 1, 0),
(58, '1.jpg', '', 'application/octet-stream', '246118', 'jpg', './Public/Uploads/editorUpload/', '2013-09-02/1378122540.jpg', '1', 0, 9, 1378122540, 0, '5091ec0f0e462855b1827df7cebddf1d', NULL, 1, NULL, 0, 1, 0),
(59, '2.png', '', 'application/octet-stream', '169284', 'png', './Public/Uploads/editorUpload/', '2013-09-02/1378122571.png', '1', 0, 9, 1378122571, 0, 'dd8d92742f09cb58910dcda7500f4fcc', NULL, 1, NULL, 0, 1, 0),
(60, '3.png', '', 'application/octet-stream', '142347', 'png', './Public/Uploads/editorUpload/', '2013-09-02/1378122618.png', '1', 0, 9, 1378122618, 0, '002656d3cbc5f9fdc8867917506348e7', NULL, 1, NULL, 0, 1, 0),
(61, '桌面.rar', '', 'application/octet-stream', '633511', 'rar', './Public/Uploads/attachment/', '2013-09-02/1378122654.rar', '1', 0, 9, 1378122654, 15, 'bc664f87920f920cb5dada90e914222b', NULL, 1, NULL, 0, 1, 0),
(62, 'Path3_thumb.png', '', 'application/octet-stream', '531616', 'png', './Public/Uploads/blogCover/', '2013-09-02/1378123308.png', '1', 0, 9, 1378123308, 0, '14fc947d0453f935bca097a51463f636', NULL, 1, NULL, 0, 1, 0),
(63, 'F3RsN0c7.png', '', 'application/octet-stream', '14267', 'png', './Public/Uploads/blogCover/', '2013-09-02/1378123358.png', '1', 0, 9, 1378123358, 0, '4eb998c26af3df25253cd32aa48b6e35', NULL, 1, NULL, 0, 1, 0),
(64, 'Path3_thumb.png', '', 'application/octet-stream', '531616', 'png', './Public/Uploads/editorUpload/', '2013-09-02/1378123365.png', '1', 0, 9, 1378123365, 0, '14fc947d0453f935bca097a51463f636', NULL, 1, NULL, 0, 1, 0),
(65, '桌面.rar', '', 'application/octet-stream', '1235521', 'rar', './Public/Uploads/attachment/', '2013-09-02/1378123435.rar', '1', 0, 9, 1378123436, 1, 'd1b5e4f9ddb896c6fc12cbd1d0a20a28', NULL, 1, NULL, 0, 1, 0),
(66, 'F3RsN0c7.png', '', 'application/octet-stream', '14267', 'png', './Public/Uploads/blogCover/', '2013-09-02/1378124007.png', '1', 0, 9, 1378124007, 0, '4eb998c26af3df25253cd32aa48b6e35', NULL, 1, NULL, 0, 1, 0),
(67, '标准插件框架(非官方).zip', '', 'application/octet-stream', '610434', 'zip', './Public/Uploads/attachment/', '2013-09-02/1378129681.zip', '1', 0, 0, 1378129681, 0, '3bf18a90c447ce1ad7aa59bbf168d710', NULL, 1, NULL, 0, 1, 0),
(68, 'Img352661474.jpg', '', 'application/octet-stream', '61298', 'jpg', './Public/Uploads/editorUpload/', '2013-09-12/1378979909.jpg', '1', 0, 11, 1378979910, 0, '0576df642628613a113b56bc105afc64', NULL, 1, NULL, 0, 1, 0),
(69, 'Img352661474.jpg', '历史数据出错', 'application/octet-stream', '61298', 'jpg', './Public/Uploads/editorUpload/', '2013-09-12/1378980473.jpg', '1', 0, 0, 1378980473, 0, '0576df642628613a113b56bc105afc64', NULL, 1, NULL, 0, 1, 0),
(70, '书单.rar', '管理员', 'application/octet-stream', '461', 'rar', './Public/Uploads/attachment/', '2013-09-17/1379390318.rar', '1', 0, 1, 1379390318, 0, 'd0b6765462d2e085adbb0e6393383867', NULL, 1, NULL, 0, 1, 0),
(71, '12.jpg', '管理员', 'application/octet-stream', '73181', 'jpg', './Public/Uploads/editorUpload/', '2013-09-17/1379390493.jpg', '1', 0, 1, 1379390493, 0, '3341bc68c8e4016fcde8df3026bd2954', NULL, 1, NULL, 0, 1, 0),
(72, '12.jpg', '管理员', 'application/octet-stream', '73181', 'jpg', './Public/Uploads/editorUpload/', '2013-09-17/1379390501.jpg', '1', 0, 1, 1379390501, 0, '3341bc68c8e4016fcde8df3026bd2954', NULL, 1, NULL, 0, 1, 0),
(73, '书单.rar', '管理员', 'application/octet-stream', '461', 'rar', './Public/Uploads/attachment/', '2013-09-17/1379390515.rar', '1', 0, 1, 1379390515, 1, 'd0b6765462d2e085adbb0e6393383867', NULL, 1, NULL, 0, 1, 0),
(74, 'Penguins.jpg', '历史数据出错', 'application/octet-stream', '777835', 'jpg', './Public/Uploads/editorUpload/', '2013-09-20/1379652102.jpg', '1', 0, 0, 1379652106, 0, '9d377b10ce778c4938b3c7e2c63a229a', NULL, 1, NULL, 0, 1, 0),
(75, 'denglu_php_sdk.rar', '历史数据出错', 'application/octet-stream', '7578', 'rar', './Public/Uploads/attachment/', '2013-09-20/1379652119.rar', '1', 0, 0, 1379652119, 5, '360a000619bed271202aaf3030a43809', NULL, 1, NULL, 0, 1, 0),
(76, 'prodection_designer_I-dont-see-market_I-see-life.jpg', 'yahya-2', 'application/octet-stream', '138658', 'jpg', './Public/Uploads/editorUpload/', '2013-09-22/1379863218.jpg', '1', 0, 11, 1379863219, 0, 'c5f489afa1d1ea9f1c6ac86ecdc50aa9', NULL, 1, NULL, 0, 1, 0),
(77, '附件.zip', 'yahya-2', 'application/octet-stream', '185967', 'zip', './Public/Uploads/attachment/', '2013-09-22/1379863244.zip', '1', 0, 11, 1379863245, 5, '0894dc2fa7740b77212fc1a7f83ab4fd', NULL, 1, NULL, 0, 1, 0);

-- --------------------------------------------------------

--
-- 表的结构 `dy_user`
--

CREATE TABLE IF NOT EXISTS `dy_user` (
  `id` int(11) NOT NULL AUTO_INCREMENT,
  `username` varchar(64) NOT NULL COMMENT '用户名',
  `nickname` varchar(50) NOT NULL COMMENT '昵称',
  `password` char(32) NOT NULL COMMENT '密码',
  `admin` tinyint(1) unsigned NOT NULL DEFAULT '0' COMMENT '是否为管理员',
  `last_login_time` int(10) unsigned NOT NULL DEFAULT '0' COMMENT '最后登录时间',
  `last_login_ip` varchar(40) DEFAULT NULL COMMENT '登录IP',
  `login_count` mediumint(8) unsigned DEFAULT '0' COMMENT '登录次数',
  `email` varchar(50) NOT NULL COMMENT '邮箱',
  `qq` int(14) unsigned NOT NULL COMMENT 'qq',
  `remark` varchar(255) NOT NULL COMMENT '备注',
  `create_time` int(10) unsigned NOT NULL DEFAULT '0' COMMENT '注册时间',
  `create_ip` varchar(40) DEFAULT NULL COMMENT '注册ip',
  `update_time` int(10) unsigned NOT NULL DEFAULT '0' COMMENT '最后更新时间',
  `status` tinyint(1) DEFAULT '1' COMMENT '启用',
  PRIMARY KEY (`id`)
) ENGINE=MyISAM  DEFAULT CHARSET=utf8 AUTO_INCREMENT=15 ;

--
-- 转存表中的数据 `dy_user`
--

INSERT INTO `dy_user` (`id`, `username`, `nickname`, `password`, `admin`, `last_login_time`, `last_login_ip`, `login_count`, `email`, `qq`, `remark`, `create_time`, `create_ip`, `update_time`, `status`) VALUES
(1, 'admin', '管理员', 'e10adc3949ba59abbe56e057f20f883e', 1, 1379652032, '1.192.119.114', 106, '614422099@qq.com', 614422099, '', 1362651445, '127.0.0.1', 0, 1),
(2, 'test', '测试', 'e10adc3949ba59abbe56e057f20f883e', 1, 1374813454, '122.224.168.162', 90, 'xyblog@dingxiaoyu.com', 0, '', 0, NULL, 1372267245, 1),
(3, 'dingdayu', '小雨', 'e10adc3949ba59abbe56e057f20f883e', 0, 1372332530, '127.0.0.1', 3, '614422099@qq.com', 614422099, '', 0, NULL, 0, 1),
(9, 'ibrahimsteed', '', 'd91cc2fe0d8c911d41020551b6d1b678', 0, 1378123214, '218.205.192.49', 2, 'ibrahim.steed@qq.com', 0, '', 1378120927, '218.205.192.49', 0, 1),
(8, 'ibrahim', '伊❤ibrahim', 'e10adc3949ba59abbe56e057f20f883e', 0, 1378979056, '218.205.192.49', 13, 'ibrahim.steed@gmail.com', 0, '', 1375783698, '218.205.192.48', 1376125363, 1),
(7, 'user4', 'user 4', '3f02ebe3d7929b091e3d8ccfde2f3bc6', 0, 0, NULL, 0, 'user4@company.com', 0, '', 1375401914, '218.205.192.49', 0, 0),
(10, 'yahya1', '', 'c41e401185692add66fb9fc2292e5965', 0, 0, NULL, 0, 'ibrahim.steed@qq.cn', 0, '', 1378979506, '218.205.192.49', 0, 0),
(11, 'yahya2', 'yahya-2', '24841ff5e627e5b32850b2470946fb6a', 1, 1379862629, '123.119.250.55', 4, 'yahya2@qq.com', 0, '', 1378979679, '218.205.192.49', 1378980241, 1),
(12, 'mazhi', '', 'f1c083e61b32d3a9be76bc21266b0648', 0, 0, NULL, 0, 'ibrahim@qq.com', 0, '', 1394475818, '124.205.129.97', 0, 0),
(13, 'ibrahima', '', 'c18e72083259e52cd1ca2cd7f462a1da', 0, 0, NULL, 0, 'ibrahima@qq.com', 0, '', 1394890822, '124.205.129.97', 0, 0),
(14, 'ibrahimb', '', '23c5263f36ceb9bc5633ff0d185d4adc', 0, 0, NULL, 0, 'ibrahimb@qq.com', 0, '', 1394890909, '124.205.129.97', 0, 0);
